"old.code","new.code","type.org","broad.category","major.group","univ","hosp","two.digit","further.category","division.subdivision"
"A01","AA-ART-A00","AA","ART","A",FALSE,FALSE,"01","","00"
"A0161","AA-ART-A61","AA","ART","A",FALSE,FALSE,"01","61","61"
"A02","MT-ART-A00","MT","ART","A",FALSE,FALSE,"02","","00"
"A0226","MT-ART-A26","MT","ART","A",FALSE,FALSE,"02","26","26"
"A0254","MT-ART-A54","MT","ART","A",FALSE,FALSE,"02","54","54"
"A0261","MT-ART-A61","MT","ART","A",FALSE,FALSE,"02","61","61"
"A0282","MT-ART-A82","MT","ART","A",FALSE,FALSE,"02","82","82"
"A0290","MT-ART-A90","MT","ART","A",FALSE,FALSE,"02","90","90"
"A03","PA-ART-A00","PA","ART","A",FALSE,FALSE,"03","","00"
"A0320","PA-ART-A20","PA","ART","A",FALSE,FALSE,"03","20","20"
"A0325","PA-ART-A25","PA","ART","A",FALSE,FALSE,"03","25","25"
"A0330","PA-ART-A30","PA","ART","A",FALSE,FALSE,"03","30","30"
"A0333","PA-ART-A33","PA","ART","A",FALSE,FALSE,"03","33","33"
"A0340","PA-ART-A40","PA","ART","A",FALSE,FALSE,"03","40","40"
"A0350","PA-ART-A50","PA","ART","A",FALSE,FALSE,"03","50","50"
"A0360","PA-ART-A60","PA","ART","A",FALSE,FALSE,"03","60","60"
"A0361","PA-ART-A61","PA","ART","A",FALSE,FALSE,"03","61","61"
"A0365","PA-ART-A65","PA","ART","A",FALSE,FALSE,"03","65","65"
"A0368","PA-ART-A68","PA","ART","A",FALSE,FALSE,"03","68","68"
"A0369","PA-ART-A69","PA","ART","A",FALSE,FALSE,"03","69","69"
"A0370","PA-ART-A70","PA","ART","A",FALSE,FALSE,"03","70","70"
"A0380","PA-ART-A80","PA","ART","A",FALSE,FALSE,"03","80","80"
"A05","RP-ART-A00","RP","ART","A",FALSE,FALSE,"05","","00"
"A0534","RP-ART-A34","RP","ART","A",FALSE,FALSE,"05","34","34"
"A0561","RP-ART-A61","RP","ART","A",FALSE,FALSE,"05","61","61"
"A11","MS-ART-A00","MS","ART","A",FALSE,FALSE,"11","","00"
"A1120","MS-ART-A20","MS","ART","A",FALSE,FALSE,"11","20","20"
"A1132","MS-ART-A32","MS","ART","A",FALSE,FALSE,"11","32","32"
"A1140","MS-ART-A40","MS","ART","A",FALSE,FALSE,"11","40","40"
"A1150","MS-ART-A50","MS","ART","A",FALSE,FALSE,"11","50","50"
"A1151","MS-ART-A51","MS","ART","A",FALSE,FALSE,"11","51","51"
"A1152","MS-ART-A52","MS","ART","A",FALSE,FALSE,"11","52","52"
"A1154","MS-ART-A54","MS","ART","A",FALSE,FALSE,"11","54","54"
"A1160","MS-ART-A60","MS","ART","A",FALSE,FALSE,"11","60","60"
"A1161","MS-ART-A61","MS","ART","A",FALSE,FALSE,"11","61","61"
"A1162","MS-ART-A62","MS","ART","A",FALSE,FALSE,"11","62","62"
"A1165","MS-ART-A65","MS","ART","A",FALSE,FALSE,"11","65","65"
"A1169","MS-ART-A69","MS","ART","A",FALSE,FALSE,"11","69","69"
"A1170","MS-ART-A70","MS","ART","A",FALSE,FALSE,"11","70","70"
"A1180","MS-ART-A80","MS","ART","A",FALSE,FALSE,"11","80","80"
"A12","MM-ART-A00","MM","ART","A",FALSE,FALSE,"12","","00"
"A1226","MM-ART-A26","MM","ART","A",FALSE,FALSE,"12","26","26"
"A1230","MM-ART-A30","MM","ART","A",FALSE,FALSE,"12","30","30"
"A1232","MM-ART-A32","MM","ART","A",FALSE,FALSE,"12","32","32"
"A1260","MM-ART-A60","MM","ART","A",FALSE,FALSE,"12","60","60"
"A1261","MM-ART-A61","MM","ART","A",FALSE,FALSE,"12","61","61"
"A1265","MM-ART-A65","MM","ART","A",FALSE,FALSE,"12","65","65"
"A19","NS-ART-A00","NS","ART","A",FALSE,FALSE,"19","","00"
"A1920","NS-ART-A20","NS","ART","A",FALSE,FALSE,"19","20","20"
"A1961","NS-ART-A61","NS","ART","A",FALSE,FALSE,"19","61","61"
"A1969","NS-ART-A69","NS","ART","A",FALSE,FALSE,"19","69","69"
"A20","RG-ART-A20","RG","ART","A",FALSE,FALSE,"20","","20"
"A23","RG-ART-A23","RG","ART","A",FALSE,FALSE,"23","","23"
"A24","RG-ART-A24","RG","ART","A",FALSE,FALSE,"24","","24"
"A25","RG-ART-A25","RG","ART","A",FALSE,FALSE,"25","","25"
"A26","RG-ART-A26","RG","ART","A",FALSE,FALSE,"26","","26"
"A27","RG-ART-A27","RG","ART","A",FALSE,FALSE,"27","","27"
"A30","RG-ART-A30","RG","ART","A",FALSE,FALSE,"30","","30"
"A31","RG-ART-A31","RG","ART","A",FALSE,FALSE,"31","","31"
"A32","RG-ART-A32","RG","ART","A",FALSE,FALSE,"32","","32"
"A33","RG-ART-A33","RG","ART","A",FALSE,FALSE,"33","","33"
"A34","RG-ART-A34","RG","ART","A",FALSE,FALSE,"34","","34"
"A40","RG-ART-A40","RG","ART","A",FALSE,FALSE,"40","","40"
"A50","RG-ART-A50","RG","ART","A",FALSE,FALSE,"50","","50"
"A51","RG-ART-A51","RG","ART","A",FALSE,FALSE,"51","","51"
"A52","RG-ART-A52","RG","ART","A",FALSE,FALSE,"52","","52"
"A53","RG-ART-A53","RG","ART","A",FALSE,FALSE,"53","","53"
"A54","RG-ART-A54","RG","ART","A",FALSE,FALSE,"54","","54"
"A56","RG-ART-A56","RG","ART","A",FALSE,FALSE,"56","","56"
"A57","RG-ART-A57","RG","ART","A",FALSE,FALSE,"57","","57"
"A60","RG-ART-A60","RG","ART","A",FALSE,FALSE,"60","","60"
"A61","RG-ART-A61","RG","ART","A",FALSE,FALSE,"61","","61"
"A62","RG-ART-A62","RG","ART","A",FALSE,FALSE,"62","","62"
"A63","RG-ART-A63","RG","ART","A",FALSE,FALSE,"63","","63"
"A65","RG-ART-A65","RG","ART","A",FALSE,FALSE,"65","","65"
"A68","RG-ART-A68","RG","ART","A",FALSE,FALSE,"68","","68"
"A69","RG-ART-A69","RG","ART","A",FALSE,FALSE,"69","","69"
"A6A","RG-ART-A6A","RG","ART","A",FALSE,FALSE,"6A","","6A"
"A6B","RG-ART-A6B","RG","ART","A",FALSE,FALSE,"6B","","6B"
"A6C","RG-ART-A6C","RG","ART","A",FALSE,FALSE,"6C","","6C"
"A6E","RG-ART-A6E","RG","ART","A",FALSE,FALSE,"6E","","6E"
"A70","RG-ART-A70","RG","ART","A",FALSE,FALSE,"70","","70"
"A80","RG-ART-A80","RG","ART","A",FALSE,FALSE,"80","","80"
"A82","RG-ART-A82","RG","ART","A",FALSE,FALSE,"82","","82"
"A84","RG-ART-A84","RG","ART","A",FALSE,FALSE,"84","","84"
"A90","RG-ART-A90","RG","ART","A",FALSE,FALSE,"90","","90"
"A99","RG-ART-A99","RG","ART","A",FALSE,FALSE,"99","","99"
"B01","AA-EDU-B00","AA","EDU","B",FALSE,FALSE,"01","","00"
"B0120","AA-EDU-B20","AA","EDU","B",FALSE,FALSE,"01","20","20"
"B0121","AA-EDU-B21","AA","EDU","B",FALSE,FALSE,"01","21","21"
"B0129","AA-EDU-B29","AA","EDU","B",FALSE,FALSE,"01","29","29"
"B0130","AA-EDU-B30","AA","EDU","B",FALSE,FALSE,"01","30","30"
"B0140","AA-EDU-B40","AA","EDU","B",FALSE,FALSE,"01","40","40"
"B0143","AA-EDU-B43","AA","EDU","B",FALSE,FALSE,"01","43","43"
"B0182","AA-EDU-B82","AA","EDU","B",FALSE,FALSE,"01","82","82"
"B02","MT-EDU-B00","MT","EDU","B",FALSE,FALSE,"02","","00"
"B0220","MT-EDU-B20","MT","EDU","B",FALSE,FALSE,"02","20","20"
"B0240","MT-EDU-B40","MT","EDU","B",FALSE,FALSE,"02","40","40"
"B0241","MT-EDU-B41","MT","EDU","B",FALSE,FALSE,"02","41","41"
"B0250","MT-EDU-B50","MT","EDU","B",FALSE,FALSE,"02","50","50"
"B0270","MT-EDU-B70","MT","EDU","B",FALSE,FALSE,"02","70","70"
"B0280","MT-EDU-B80","MT","EDU","B",FALSE,FALSE,"02","80","80"
"B0282","MT-EDU-B82","MT","EDU","B",FALSE,FALSE,"02","82","82"
"B03","PA-EDU-B00","PA","EDU","B",FALSE,FALSE,"03","","00"
"B0320","PA-EDU-B20","PA","EDU","B",FALSE,FALSE,"03","20","20"
"B0325","PA-EDU-B25","PA","EDU","B",FALSE,FALSE,"03","25","25"
"B0330","PA-EDU-B30","PA","EDU","B",FALSE,FALSE,"03","30","30"
"B0340","PA-EDU-B40","PA","EDU","B",FALSE,FALSE,"03","40","40"
"B0342","PA-EDU-B42","PA","EDU","B",FALSE,FALSE,"03","42","42"
"B0343","PA-EDU-B43","PA","EDU","B",FALSE,FALSE,"03","43","43"
"B0350","PA-EDU-B50","PA","EDU","B",FALSE,FALSE,"03","50","50"
"B0370","PA-EDU-B70","PA","EDU","B",FALSE,FALSE,"03","70","70"
"B0380","PA-EDU-B80","PA","EDU","B",FALSE,FALSE,"03","80","80"
"B0382","PA-EDU-B82","PA","EDU","B",FALSE,FALSE,"03","82","82"
"B0390","PA-EDU-B90","PA","EDU","B",FALSE,FALSE,"03","90","90"
"B0394","PA-EDU-B94","PA","EDU","B",FALSE,FALSE,"03","94","94"
"B05","RP-EDU-B00","RP","EDU","B",FALSE,FALSE,"05","","00"
"B0530","RP-EDU-B30","RP","EDU","B",FALSE,FALSE,"05","30","30"
"B0540","RP-EDU-B40","RP","EDU","B",FALSE,FALSE,"05","40","40"
"B0582","RP-EDU-B82","RP","EDU","B",FALSE,FALSE,"05","82","82"
"B11","MS-EDU-B00","MS","EDU","B",FALSE,FALSE,"11","","00"
"B1120","MS-EDU-B20","MS","EDU","B",FALSE,FALSE,"11","20","20"
"B1125","MS-EDU-B25","MS","EDU","B",FALSE,FALSE,"11","25","25"
"B1129","MS-EDU-B29","MS","EDU","B",FALSE,FALSE,"11","29","29"
"B1130","MS-EDU-B30","MS","EDU","B",FALSE,FALSE,"11","30","30"
"B1140","MS-EDU-B40","MS","EDU","B",FALSE,FALSE,"11","40","40"
"B1141","MS-EDU-B41","MS","EDU","B",FALSE,FALSE,"11","41","41"
"B1142","MS-EDU-B42","MS","EDU","B",FALSE,FALSE,"11","42","42"
"B1143","MS-EDU-B43","MS","EDU","B",FALSE,FALSE,"11","43","43"
"B1150","MS-EDU-B50","MS","EDU","B",FALSE,FALSE,"11","50","50"
"B1170","MS-EDU-B70","MS","EDU","B",FALSE,FALSE,"11","70","70"
"B1180","MS-EDU-B80","MS","EDU","B",FALSE,FALSE,"11","80","80"
"B1183","MS-EDU-B83","MS","EDU","B",FALSE,FALSE,"11","83","83"
"B1184","MS-EDU-B84","MS","EDU","B",FALSE,FALSE,"11","84","84"
"B1190","MS-EDU-B90","MS","EDU","B",FALSE,FALSE,"11","90","90"
"B1194","MS-EDU-B94","MS","EDU","B",FALSE,FALSE,"11","94","94"
"B12","MM-EDU-B00","MM","EDU","B",FALSE,FALSE,"12","","00"
"B1220","MM-EDU-B20","MM","EDU","B",FALSE,FALSE,"12","20","20"
"B1240","MM-EDU-B40","MM","EDU","B",FALSE,FALSE,"12","40","40"
"B1243","MM-EDU-B43","MM","EDU","B",FALSE,FALSE,"12","43","43"
"B1250","MM-EDU-B50","MM","EDU","B",FALSE,FALSE,"12","50","50"
"B1280","MM-EDU-B80","MM","EDU","B",FALSE,FALSE,"12","80","80"
"B1282","MM-EDU-B82","MM","EDU","B",FALSE,FALSE,"12","82","82"
"B1290","MM-EDU-B90","MM","EDU","B",FALSE,FALSE,"12","90","90"
"B19","NS-EDU-B00","NS","EDU","B",FALSE,FALSE,"19","","00"
"B1920","NS-EDU-B20","NS","EDU","B",FALSE,FALSE,"19","20","20"
"B1921","NS-EDU-B21","NS","EDU","B",FALSE,FALSE,"19","21","21"
"B1925","NS-EDU-B25","NS","EDU","B",FALSE,FALSE,"19","25","25"
"B1930","NS-EDU-B30","NS","EDU","B",FALSE,FALSE,"19","30","30"
"B1940","NS-EDU-B40","NS","EDU","B",FALSE,FALSE,"19","40","40"
"B1943","NS-EDU-B43","NS","EDU","B",FALSE,FALSE,"19","43","43"
"B1950","NS-EDU-B50","NS","EDU","B",FALSE,FALSE,"19","50","50"
"B1960","NS-EDU-B60","NS","EDU","B",FALSE,FALSE,"19","60","60"
"B1982","NS-EDU-B82","NS","EDU","B",FALSE,FALSE,"19","82","82"
"B20","RG-EDU-B20","RG","EDU","B",FALSE,FALSE,"20","","20"
"B21","RG-EDU-B21","RG","EDU","B",FALSE,FALSE,"21","","21"
"B24","RG-EDU-B24","RG","EDU","B",FALSE,FALSE,"24","","24"
"B25","RG-EDU-B25","RG","EDU","B",FALSE,FALSE,"25","","25"
"B28","RG-EDU-B28","RG","EDU","B",FALSE,FALSE,"28","","28"
"B29","RG-EDU-B29","RG","EDU","B",FALSE,FALSE,"29","","29"
"B30","RG-EDU-B30","RG","EDU","B",FALSE,FALSE,"30","","30"
"B40","RG-UNI-B40","RG","UNI","B",TRUE,FALSE,"40","","40"
"B41","RG-UNI-B41","RG","UNI","B",TRUE,FALSE,"41","","41"
"B42","RG-UNI-B42","RG","UNI","B",TRUE,FALSE,"42","","42"
"B43","RG-UNI-B43","RG","UNI","B",TRUE,FALSE,"43","","43"
"B50","RG-UNI-B50","RG","UNI","B",TRUE,FALSE,"50","","50"
"B60","RG-EDU-B60","RG","EDU","B",FALSE,FALSE,"60","","60"
"B70","RG-EDU-B70","RG","EDU","B",FALSE,FALSE,"70","","70"
"B80","RG-EDU-B80","RG","EDU","B",FALSE,FALSE,"80","","80"
"B8040","RG-EDU-B80","RG","EDU","B",FALSE,FALSE,"80","40","80"
"B8043","RG-EDU-B80","RG","EDU","B",FALSE,FALSE,"80","43","80"
"B82","RG-EDU-B82","RG","EDU","B",FALSE,FALSE,"82","","82"
"B83","RG-EDU-B83","RG","EDU","B",FALSE,FALSE,"83","","83"
"B84","RG-EDU-B84","RG","EDU","B",FALSE,FALSE,"84","","84"
"B8443","RG-EDU-B84","RG","EDU","B",FALSE,FALSE,"84","43","84"
"B8450","RG-EDU-B84","RG","EDU","B",FALSE,FALSE,"84","50","84"
"B90","RG-EDU-B90","RG","EDU","B",FALSE,FALSE,"90","","90"
"B92","RG-EDU-B92","RG","EDU","B",FALSE,FALSE,"92","","92"
"B94","RG-EDU-B94","RG","EDU","B",FALSE,FALSE,"94","","94"
"B99","RG-EDU-B99","RG","EDU","B",FALSE,FALSE,"99","","99"
"C01","AA-ENV-C00","AA","ENV","C",FALSE,FALSE,"01","","00"
"C0120","AA-ENV-C20","AA","ENV","C",FALSE,FALSE,"01","20","20"
"C0130","AA-ENV-C30","AA","ENV","C",FALSE,FALSE,"01","30","30"
"C0132","AA-ENV-C32","AA","ENV","C",FALSE,FALSE,"01","32","32"
"C0135","AA-ENV-C35","AA","ENV","C",FALSE,FALSE,"01","35","35"
"C0150","AA-ENV-C50","AA","ENV","C",FALSE,FALSE,"01","50","50"
"C0160","AA-ENV-C60","AA","ENV","C",FALSE,FALSE,"01","60","60"
"C02","MT-ENV-C00","MT","ENV","C",FALSE,FALSE,"02","","00"
"C0220","MT-ENV-C20","MT","ENV","C",FALSE,FALSE,"02","20","20"
"C0230","MT-ENV-C30","MT","ENV","C",FALSE,FALSE,"02","30","30"
"C0232","MT-ENV-C32","MT","ENV","C",FALSE,FALSE,"02","32","32"
"C0260","MT-ENV-C60","MT","ENV","C",FALSE,FALSE,"02","60","60"
"C03","PA-ENV-C00","PA","ENV","C",FALSE,FALSE,"03","","00"
"C0320","PA-ENV-C20","PA","ENV","C",FALSE,FALSE,"03","20","20"
"C0330","PA-ENV-C30","PA","ENV","C",FALSE,FALSE,"03","30","30"
"C0332","PA-ENV-C32","PA","ENV","C",FALSE,FALSE,"03","32","32"
"C0336","PA-ENV-C36","PA","ENV","C",FALSE,FALSE,"03","36","36"
"C0340","PA-ENV-C40","PA","ENV","C",FALSE,FALSE,"03","40","40"
"C0360","PA-ENV-C60","PA","ENV","C",FALSE,FALSE,"03","60","60"
"C05","RP-ENV-C00","RP","ENV","C",FALSE,FALSE,"05","","00"
"C0520","RP-ENV-C20","RP","ENV","C",FALSE,FALSE,"05","20","20"
"C0530","RP-ENV-C30","RP","ENV","C",FALSE,FALSE,"05","30","30"
"C0535","RP-ENV-C35","RP","ENV","C",FALSE,FALSE,"05","35","35"
"C11","MS-ENV-C00","MS","ENV","C",FALSE,FALSE,"11","","00"
"C1120","MS-ENV-C20","MS","ENV","C",FALSE,FALSE,"11","20","20"
"C1130","MS-ENV-C30","MS","ENV","C",FALSE,FALSE,"11","30","30"
"C1132","MS-ENV-C32","MS","ENV","C",FALSE,FALSE,"11","32","32"
"C1140","MS-ENV-C40","MS","ENV","C",FALSE,FALSE,"11","40","40"
"C1142","MS-ENV-C42","MS","ENV","C",FALSE,FALSE,"11","42","42"
"C1150","MS-ENV-C50","MS","ENV","C",FALSE,FALSE,"11","50","50"
"C12","MM-ENV-C00","MM","ENV","C",FALSE,FALSE,"12","","00"
"C1230","MM-ENV-C30","MM","ENV","C",FALSE,FALSE,"12","30","30"
"C1235","MM-ENV-C35","MM","ENV","C",FALSE,FALSE,"12","35","35"
"C1236","MM-ENV-C36","MM","ENV","C",FALSE,FALSE,"12","36","36"
"C19","NS-ENV-C00","NS","ENV","C",FALSE,FALSE,"19","","00"
"C20","RG-ENV-C20","RG","ENV","C",FALSE,FALSE,"20","","20"
"C27","RG-ENV-C27","RG","ENV","C",FALSE,FALSE,"27","","27"
"C30","RG-ENV-C30","RG","ENV","C",FALSE,FALSE,"30","","30"
"C32","RG-ENV-C32","RG","ENV","C",FALSE,FALSE,"32","","32"
"C34","RG-ENV-C34","RG","ENV","C",FALSE,FALSE,"34","","34"
"C35","RG-ENV-C35","RG","ENV","C",FALSE,FALSE,"35","","35"
"C36","RG-ENV-C36","RG","ENV","C",FALSE,FALSE,"36","","36"
"C40","RG-ENV-C40","RG","ENV","C",FALSE,FALSE,"40","","40"
"C41","RG-ENV-C41","RG","ENV","C",FALSE,FALSE,"41","","41"
"C42","RG-ENV-C42","RG","ENV","C",FALSE,FALSE,"42","","42"
"C50","RG-ENV-C50","RG","ENV","C",FALSE,FALSE,"50","","50"
"C60","RG-ENV-C60","RG","ENV","C",FALSE,FALSE,"60","","60"
"C99","RG-ENV-C99","RG","ENV","C",FALSE,FALSE,"99","","99"
"D01","AA-ENV-D00","AA","ENV","D",FALSE,FALSE,"01","","00"
"D0120","AA-ENV-D20","AA","ENV","D",FALSE,FALSE,"01","20","20"
"D0130","AA-ENV-D30","AA","ENV","D",FALSE,FALSE,"01","30","30"
"D02","MT-ENV-D00","MT","ENV","D",FALSE,FALSE,"02","","00"
"D0230","MT-ENV-D30","MT","ENV","D",FALSE,FALSE,"02","30","30"
"D0250","MT-ENV-D50","MT","ENV","D",FALSE,FALSE,"02","50","50"
"D03","PA-ENV-D00","PA","ENV","D",FALSE,FALSE,"03","","00"
"D0330","PA-ENV-D30","PA","ENV","D",FALSE,FALSE,"03","30","30"
"D0340","PA-ENV-D40","PA","ENV","D",FALSE,FALSE,"03","40","40"
"D05","RP-ENV-D00","RP","ENV","D",FALSE,FALSE,"05","","00"
"D0530","RP-ENV-D30","RP","ENV","D",FALSE,FALSE,"05","30","30"
"D11","MS-ENV-D00","MS","ENV","D",FALSE,FALSE,"11","","00"
"D1120","MS-ENV-D20","MS","ENV","D",FALSE,FALSE,"11","20","20"
"D1130","MS-ENV-D30","MS","ENV","D",FALSE,FALSE,"11","30","30"
"D1131","MS-ENV-D31","MS","ENV","D",FALSE,FALSE,"11","31","31"
"D1150","MS-ENV-D50","MS","ENV","D",FALSE,FALSE,"11","50","50"
"D12","MM-ENV-D00","MM","ENV","D",FALSE,FALSE,"12","","00"
"D1230","MM-ENV-D30","MM","ENV","D",FALSE,FALSE,"12","30","30"
"D1240","MM-ENV-D40","MM","ENV","D",FALSE,FALSE,"12","40","40"
"D19","NS-ENV-D00","NS","ENV","D",FALSE,FALSE,"19","","00"
"D20","RG-ENV-D20","RG","ENV","D",FALSE,FALSE,"20","","20"
"D30","RG-ENV-D30","RG","ENV","D",FALSE,FALSE,"30","","30"
"D31","RG-ENV-D31","RG","ENV","D",FALSE,FALSE,"31","","31"
"D32","RG-ENV-D32","RG","ENV","D",FALSE,FALSE,"32","","32"
"D33","RG-ENV-D33","RG","ENV","D",FALSE,FALSE,"33","","33"
"D34","RG-ENV-D34","RG","ENV","D",FALSE,FALSE,"34","","34"
"D40","RG-ENV-D40","RG","ENV","D",FALSE,FALSE,"40","","40"
"D50","RG-ENV-D50","RG","ENV","D",FALSE,FALSE,"50","","50"
"D60","RG-ENV-D60","RG","ENV","D",FALSE,FALSE,"60","","60"
"D61","RG-ENV-D61","RG","ENV","D",FALSE,FALSE,"61","","61"
"D99","RG-ENV-D99","RG","ENV","D",FALSE,FALSE,"99","","99"
"E01","AA-HEL-E00","AA","HEL","E",FALSE,FALSE,"01","","00"
"E0121","AA-HEL-E21","AA","HEL","E",FALSE,FALSE,"01","21","21"
"E0122","AA-HEL-E22","AA","HEL","E",FALSE,FALSE,"01","22","22"
"E0131","AA-HEL-E31","AA","HEL","E",FALSE,FALSE,"01","31","31"
"E0132","AA-HEL-E32","AA","HEL","E",FALSE,FALSE,"01","32","32"
"E0170","AA-HEL-E70","AA","HEL","E",FALSE,FALSE,"01","70","70"
"E02","MT-HEL-E00","MT","HEL","E",FALSE,FALSE,"02","","00"
"E0220","MT-HEL-E20","MT","HEL","E",FALSE,FALSE,"02","20","20"
"E0221","MT-HEL-E21","MT","HEL","E",FALSE,FALSE,"02","21","21"
"E0222","MT-HEL-E22","MT","HEL","E",FALSE,FALSE,"02","22","22"
"E0262","MT-HEL-E62","MT","HEL","E",FALSE,FALSE,"02","62","62"
"E0290","MT-HEL-E90","MT","HEL","E",FALSE,FALSE,"02","90","90"
"E0292","MT-HEL-E92","MT","HEL","E",FALSE,FALSE,"02","92","92"
"E03","PA-HEL-E00","PA","HEL","E",FALSE,FALSE,"03","","00"
"E0321","PA-HEL-E21","PA","HEL","E",FALSE,FALSE,"03","21","21"
"E0322","PA-HEL-E22","PA","HEL","E",FALSE,FALSE,"03","22","22"
"E0365","PA-HEL-E65","PA","HEL","E",FALSE,FALSE,"03","65","65"
"E0380","PA-HEL-E80","PA","HEL","E",FALSE,FALSE,"03","80","80"
"E0390","PA-HEL-E90","PA","HEL","E",FALSE,FALSE,"03","90","90"
"E0392","PA-HEL-E92","PA","HEL","E",FALSE,FALSE,"03","92","92"
"E05","RP-HEL-E00","RP","HEL","E",FALSE,FALSE,"05","","00"
"E0520","RP-HEL-E20","RP","HEL","E",FALSE,FALSE,"05","20","20"
"E0522","RP-HEL-E22","RP","HEL","E",FALSE,FALSE,"05","22","22"
"E0531","RP-HEL-E31","RP","HEL","E",FALSE,FALSE,"05","31","31"
"E0532","RP-HEL-E32","RP","HEL","E",FALSE,FALSE,"05","32","32"
"E0570","RP-HEL-E70","RP","HEL","E",FALSE,FALSE,"05","70","70"
"E11","MS-HEL-E00","MS","HEL","E",FALSE,FALSE,"11","","00"
"E1120","MS-HEL-E20","MS","HEL","E",FALSE,FALSE,"11","20","20"
"E1121","MS-HEL-E21","MS","HEL","E",FALSE,FALSE,"11","21","21"
"E1122","MS-HEL-E22","MS","HEL","E",FALSE,FALSE,"11","22","22"
"E1131","MS-HEL-E31","MS","HEL","E",FALSE,FALSE,"11","31","31"
"E1132","MS-HEL-E32","MS","HEL","E",FALSE,FALSE,"11","32","32"
"E1150","MS-HEL-E50","MS","HEL","E",FALSE,FALSE,"11","50","50"
"E1170","MS-HEL-E70","MS","HEL","E",FALSE,FALSE,"11","70","70"
"E1180","MS-HEL-E80","MS","HEL","E",FALSE,FALSE,"11","80","80"
"E1186","MS-HEL-E86","MS","HEL","E",FALSE,FALSE,"11","86","86"
"E1190","MS-HEL-E90","MS","HEL","E",FALSE,FALSE,"11","90","90"
"E1191","MS-HEL-E91","MS","HEL","E",FALSE,FALSE,"11","91","91"
"E12","MM-HEL-E00","MM","HEL","E",FALSE,FALSE,"12","","00"
"E1220","MM-HEL-E20","MM","HEL","E",FALSE,FALSE,"12","20","20"
"E1222","MM-HEL-E22","MM","HEL","E",FALSE,FALSE,"12","22","22"
"E1232","MM-HEL-E32","MM","HEL","E",FALSE,FALSE,"12","32","32"
"E1270","MM-HEL-E70","MM","HEL","E",FALSE,FALSE,"12","70","70"
"E1286","MM-HEL-E86","MM","HEL","E",FALSE,FALSE,"12","86","86"
"E1290","MM-HEL-E90","MM","HEL","E",FALSE,FALSE,"12","90","90"
"E1291","MM-HEL-E91","MM","HEL","E",FALSE,FALSE,"12","91","91"
"E19","NS-HEL-E00","NS","HEL","E",FALSE,FALSE,"19","","00"
"E1920","NS-HEL-E20","NS","HEL","E",FALSE,FALSE,"19","20","20"
"E1921","NS-HEL-E21","NS","HEL","E",FALSE,FALSE,"19","21","21"
"E1922","NS-HEL-E22","NS","HEL","E",FALSE,FALSE,"19","22","22"
"E1931","NS-HEL-E31","NS","HEL","E",FALSE,FALSE,"19","31","31"
"E1970","NS-HEL-E70","NS","HEL","E",FALSE,FALSE,"19","70","70"
"E20","RG-HOS-E20","RG","HOS","E",FALSE,TRUE,"20","","20"
"E21","RG-HOS-E21","RG","HOS","E",FALSE,TRUE,"21","","21"
"E22","RG-HOS-E22","RG","HOS","E",FALSE,TRUE,"22","","22"
"E24","RG-HOS-E24","RG","HOS","E",FALSE,TRUE,"24","","24"
"E30","RG-HEL-E30","RG","HEL","E",FALSE,FALSE,"30","","30"
"E31","RG-HEL-E31","RG","HEL","E",FALSE,FALSE,"31","","31"
"E32","RG-HEL-E32","RG","HEL","E",FALSE,FALSE,"32","","32"
"E40","RG-HEL-E40","RG","HEL","E",FALSE,FALSE,"40","","40"
"E42","RG-HEL-E42","RG","HEL","E",FALSE,FALSE,"42","","42"
"E50","RG-HEL-E50","RG","HEL","E",FALSE,FALSE,"50","","50"
"E60","RG-HEL-E60","RG","HEL","E",FALSE,FALSE,"60","","60"
"E61","RG-HEL-E61","RG","HEL","E",FALSE,FALSE,"61","","61"
"E62","RG-HEL-E62","RG","HEL","E",FALSE,FALSE,"62","","62"
"E65","RG-HEL-E65","RG","HEL","E",FALSE,FALSE,"65","","65"
"E6A","RG-HEL-E6A","RG","HEL","E",FALSE,FALSE,"6A","","6A"
"E70","RG-HEL-E70","RG","HEL","E",FALSE,FALSE,"70","","70"
"E80","RG-HEL-E80","RG","HEL","E",FALSE,FALSE,"80","","80"
"E86","RG-HEL-E86","RG","HEL","E",FALSE,FALSE,"86","","86"
"E90","RG-HEL-E90","RG","HEL","E",FALSE,FALSE,"90","","90"
"E91","RG-HEL-E91","RG","HEL","E",FALSE,FALSE,"91","","91"
"E92","RG-HEL-E92","RG","HEL","E",FALSE,FALSE,"92","","92"
"E99","RG-HEL-E99","RG","HEL","E",FALSE,FALSE,"99","","99"
"F01","AA-HEL-F00","AA","HEL","F",FALSE,FALSE,"01","","00"
"F0120","AA-HEL-F20","AA","HEL","F",FALSE,FALSE,"01","20","20"
"F0121","AA-HEL-F21","AA","HEL","F",FALSE,FALSE,"01","21","21"
"F0132","AA-HEL-F32","AA","HEL","F",FALSE,FALSE,"01","32","32"
"F0133","AA-HEL-F33","AA","HEL","F",FALSE,FALSE,"01","33","33"
"F0142","AA-HEL-F42","AA","HEL","F",FALSE,FALSE,"01","42","42"
"F0153","AA-HEL-F53","AA","HEL","F",FALSE,FALSE,"01","53","53"
"F0180","AA-HEL-F80","AA","HEL","F",FALSE,FALSE,"01","80","80"
"F02","MT-HEL-F00","MT","HEL","F",FALSE,FALSE,"02","","00"
"F0220","MT-HEL-F20","MT","HEL","F",FALSE,FALSE,"02","20","20"
"F03","PA-HEL-F00","PA","HEL","F",FALSE,FALSE,"03","","00"
"F0320","PA-HEL-F20","PA","HEL","F",FALSE,FALSE,"03","20","20"
"F0330","PA-HEL-F30","PA","HEL","F",FALSE,FALSE,"03","30","30"
"F0332","PA-HEL-F32","PA","HEL","F",FALSE,FALSE,"03","32","32"
"F0333","PA-HEL-F33","PA","HEL","F",FALSE,FALSE,"03","33","33"
"F0380","PA-HEL-F80","PA","HEL","F",FALSE,FALSE,"03","80","80"
"F05","RP-HEL-F00","RP","HEL","F",FALSE,FALSE,"05","","00"
"F0520","RP-HEL-F20","RP","HEL","F",FALSE,FALSE,"05","20","20"
"F0521","RP-HEL-F21","RP","HEL","F",FALSE,FALSE,"05","21","21"
"F0522","RP-HEL-F22","RP","HEL","F",FALSE,FALSE,"05","22","22"
"F0532","RP-HEL-F32","RP","HEL","F",FALSE,FALSE,"05","32","32"
"F11","MS-HEL-F00","MS","HEL","F",FALSE,FALSE,"11","","00"
"F1130","MS-HEL-F30","MS","HEL","F",FALSE,FALSE,"11","30","30"
"F12","MM-HEL-F00","MM","HEL","F",FALSE,FALSE,"12","","00"
"F19","NS-HEL-F00","NS","HEL","F",FALSE,FALSE,"19","","00"
"F1920","NS-HEL-F20","NS","HEL","F",FALSE,FALSE,"19","20","20"
"F1960","NS-HEL-F60","NS","HEL","F",FALSE,FALSE,"19","60","60"
"F20","RG-HEL-F20","RG","HEL","F",FALSE,FALSE,"20","","20"
"F21","RG-HEL-F21","RG","HEL","F",FALSE,FALSE,"21","","21"
"F22","RG-HEL-F22","RG","HEL","F",FALSE,FALSE,"22","","22"
"F30","RG-HEL-F30","RG","HEL","F",FALSE,FALSE,"30","","30"
"F31","RG-HEL-F31","RG","HEL","F",FALSE,FALSE,"31","","31"
"F32","RG-HEL-F32","RG","HEL","F",FALSE,FALSE,"32","","32"
"F33","RG-HEL-F33","RG","HEL","F",FALSE,FALSE,"33","","33"
"F40","RG-HEL-F40","RG","HEL","F",FALSE,FALSE,"40","","40"
"F42","RG-HEL-F42","RG","HEL","F",FALSE,FALSE,"42","","42"
"F50","RG-HEL-F50","RG","HEL","F",FALSE,FALSE,"50","","50"
"F52","RG-HEL-F52","RG","HEL","F",FALSE,FALSE,"52","","52"
"F53","RG-HEL-F53","RG","HEL","F",FALSE,FALSE,"53","","53"
"F54","RG-HEL-F54","RG","HEL","F",FALSE,FALSE,"54","","54"
"F60","RG-HEL-F60","RG","HEL","F",FALSE,FALSE,"60","","60"
"F70","RG-HEL-F70","RG","HEL","F",FALSE,FALSE,"70","","70"
"F80","RG-HEL-F80","RG","HEL","F",FALSE,FALSE,"80","","80"
"F99","RG-HEL-F99","RG","HEL","F",FALSE,FALSE,"99","","99"
"G01","AA-HEL-G00","AA","HEL","G",FALSE,FALSE,"01","","00"
"G0150","AA-HEL-G50","AA","HEL","G",FALSE,FALSE,"01","50","50"
"G0184","AA-HEL-G84","AA","HEL","G",FALSE,FALSE,"01","84","84"
"G02","MT-HEL-G00","MT","HEL","G",FALSE,FALSE,"02","","00"
"G03","PA-HEL-G00","PA","HEL","G",FALSE,FALSE,"03","","00"
"G0340","PA-HEL-G40","PA","HEL","G",FALSE,FALSE,"03","40","40"
"G0341","PA-HEL-G41","PA","HEL","G",FALSE,FALSE,"03","41","41"
"G0390","PA-HEL-G90","PA","HEL","G",FALSE,FALSE,"03","90","90"
"G05","RP-HEL-G00","RP","HEL","G",FALSE,FALSE,"05","","00"
"G11","MS-HEL-G00","MS","HEL","G",FALSE,FALSE,"11","","00"
"G1190","MS-HEL-G90","MS","HEL","G",FALSE,FALSE,"11","90","90"
"G12","MM-HEL-G00","MM","HEL","G",FALSE,FALSE,"12","","00"
"G1248","MM-HEL-G48","MM","HEL","G",FALSE,FALSE,"12","48","48"
"G1281","MM-HEL-G81","MM","HEL","G",FALSE,FALSE,"12","81","81"
"G19","NS-HEL-G00","NS","HEL","G",FALSE,FALSE,"19","","00"
"G1920","NS-HEL-G20","NS","HEL","G",FALSE,FALSE,"19","20","20"
"G1948","NS-HEL-G48","NS","HEL","G",FALSE,FALSE,"19","48","48"
"G1981","NS-HEL-G81","NS","HEL","G",FALSE,FALSE,"19","81","81"
"G1990","NS-HEL-G90","NS","HEL","G",FALSE,FALSE,"19","90","90"
"G20","RG-HEL-G20","RG","HEL","G",FALSE,FALSE,"20","","20"
"G25","RG-HEL-G25","RG","HEL","G",FALSE,FALSE,"25","","25"
"G30","RG-HEL-G30","RG","HEL","G",FALSE,FALSE,"30","","30"
"G32","RG-HEL-G32","RG","HEL","G",FALSE,FALSE,"32","","32"
"G40","RG-HEL-G40","RG","HEL","G",FALSE,FALSE,"40","","40"
"G41","RG-HEL-G41","RG","HEL","G",FALSE,FALSE,"41","","41"
"G42","RG-HEL-G42","RG","HEL","G",FALSE,FALSE,"42","","42"
"G43","RG-HEL-G43","RG","HEL","G",FALSE,FALSE,"43","","43"
"G44","RG-HEL-G44","RG","HEL","G",FALSE,FALSE,"44","","44"
"G45","RG-HEL-G45","RG","HEL","G",FALSE,FALSE,"45","","45"
"G48","RG-HEL-G48","RG","HEL","G",FALSE,FALSE,"48","","48"
"G50","RG-HEL-G50","RG","HEL","G",FALSE,FALSE,"50","","50"
"G51","RG-HEL-G51","RG","HEL","G",FALSE,FALSE,"51","","51"
"G54","RG-HEL-G54","RG","HEL","G",FALSE,FALSE,"54","","54"
"G60","RG-HEL-G60","RG","HEL","G",FALSE,FALSE,"60","","60"
"G61","RG-HEL-G61","RG","HEL","G",FALSE,FALSE,"61","","61"
"G70","RG-HEL-G70","RG","HEL","G",FALSE,FALSE,"70","","70"
"G80","RG-HEL-G80","RG","HEL","G",FALSE,FALSE,"80","","80"
"G81","RG-HEL-G81","RG","HEL","G",FALSE,FALSE,"81","","81"
"G83","RG-HEL-G83","RG","HEL","G",FALSE,FALSE,"83","","83"
"G84","RG-HEL-G84","RG","HEL","G",FALSE,FALSE,"84","","84"
"G90","RG-HEL-G90","RG","HEL","G",FALSE,FALSE,"90","","90"
"G92","RG-HEL-G92","RG","HEL","G",FALSE,FALSE,"92","","92"
"G94","RG-HEL-G94","RG","HEL","G",FALSE,FALSE,"94","","94"
"G96","RG-HEL-G96","RG","HEL","G",FALSE,FALSE,"96","","96"
"G98","RG-HEL-G98","RG","HEL","G",FALSE,FALSE,"98","","98"
"G99","RG-HEL-G99","RG","HEL","G",FALSE,FALSE,"99","","99"
"G9B","RG-HEL-G9B","RG","HEL","G",FALSE,FALSE,"9B","","9B"
"H01","AA-HEL-H00","AA","HEL","H",FALSE,FALSE,"01","","00"
"H0154","AA-HEL-H54","AA","HEL","H",FALSE,FALSE,"01","54","54"
"H02","MT-HEL-H00","MT","HEL","H",FALSE,FALSE,"02","","00"
"H03","PA-HEL-H00","PA","HEL","H",FALSE,FALSE,"03","","00"
"H05","RP-HEL-H00","RP","HEL","H",FALSE,FALSE,"05","","00"
"H11","MS-HEL-H00","MS","HEL","H",FALSE,FALSE,"11","","00"
"H1190","MS-HEL-H90","MS","HEL","H",FALSE,FALSE,"11","90","90"
"H1198","MS-HEL-H98","MS","HEL","H",FALSE,FALSE,"11","98","98"
"H12","MM-HEL-H00","MM","HEL","H",FALSE,FALSE,"12","","00"
"H1230","MM-HEL-H30","MM","HEL","H",FALSE,FALSE,"12","30","30"
"H19","NS-HEL-H00","NS","HEL","H",FALSE,FALSE,"19","","00"
"H20","RG-HEL-H20","RG","HEL","H",FALSE,FALSE,"20","","20"
"H25","RG-HEL-H25","RG","HEL","H",FALSE,FALSE,"25","","25"
"H30","RG-HEL-H30","RG","HEL","H",FALSE,FALSE,"30","","30"
"H32","RG-HEL-H32","RG","HEL","H",FALSE,FALSE,"32","","32"
"H40","RG-HEL-H40","RG","HEL","H",FALSE,FALSE,"40","","40"
"H41","RG-HEL-H41","RG","HEL","H",FALSE,FALSE,"41","","41"
"H42","RG-HEL-H42","RG","HEL","H",FALSE,FALSE,"42","","42"
"H43","RG-HEL-H43","RG","HEL","H",FALSE,FALSE,"43","","43"
"H44","RG-HEL-H44","RG","HEL","H",FALSE,FALSE,"44","","44"
"H45","RG-HEL-H45","RG","HEL","H",FALSE,FALSE,"45","","45"
"H48","RG-HEL-H48","RG","HEL","H",FALSE,FALSE,"48","","48"
"H50","RG-HEL-H50","RG","HEL","H",FALSE,FALSE,"50","","50"
"H51","RG-HEL-H51","RG","HEL","H",FALSE,FALSE,"51","","51"
"H54","RG-HEL-H54","RG","HEL","H",FALSE,FALSE,"54","","54"
"H60","RG-HEL-H60","RG","HEL","H",FALSE,FALSE,"60","","60"
"H61","RG-HEL-H61","RG","HEL","H",FALSE,FALSE,"61","","61"
"H70","RG-HEL-H70","RG","HEL","H",FALSE,FALSE,"70","","70"
"H80","RG-HEL-H80","RG","HEL","H",FALSE,FALSE,"80","","80"
"H81","RG-HEL-H81","RG","HEL","H",FALSE,FALSE,"81","","81"
"H83","RG-HEL-H83","RG","HEL","H",FALSE,FALSE,"83","","83"
"H84","RG-HEL-H84","RG","HEL","H",FALSE,FALSE,"84","","84"
"H90","RG-HEL-H90","RG","HEL","H",FALSE,FALSE,"90","","90"
"H92","RG-HEL-H92","RG","HEL","H",FALSE,FALSE,"92","","92"
"H94","RG-HEL-H94","RG","HEL","H",FALSE,FALSE,"94","","94"
"H96","RG-HEL-H96","RG","HEL","H",FALSE,FALSE,"96","","96"
"H98","RG-HEL-H98","RG","HEL","H",FALSE,FALSE,"98","","98"
"H99","RG-HEL-H99","RG","HEL","H",FALSE,FALSE,"99","","99"
"H9B","RG-HEL-H9B","RG","HEL","H",FALSE,FALSE,"9B","","9B"
"I01","AA-HMS-I00","AA","HMS","I",FALSE,FALSE,"01","","00"
"I0130","AA-HMS-I30","AA","HMS","I",FALSE,FALSE,"01","30","30"
"I0180","AA-HMS-I80","AA","HMS","I",FALSE,FALSE,"01","80","80"
"I02","MT-HMS-I00","MT","HMS","I",FALSE,FALSE,"02","","00"
"I0260","MT-HMS-I60","MT","HMS","I",FALSE,FALSE,"02","60","60"
"I03","PA-HMS-I00","PA","HMS","I",FALSE,FALSE,"03","","00"
"I0321","PA-HMS-I21","PA","HMS","I",FALSE,FALSE,"03","21","21"
"I0350","PA-HMS-I50","PA","HMS","I",FALSE,FALSE,"03","50","50"
"I0360","PA-HMS-I60","PA","HMS","I",FALSE,FALSE,"03","60","60"
"I0380","PA-HMS-I80","PA","HMS","I",FALSE,FALSE,"03","80","80"
"I05","RP-HMS-I00","RP","HMS","I",FALSE,FALSE,"05","","00"
"I0520","RP-HMS-I20","RP","HMS","I",FALSE,FALSE,"05","20","20"
"I0540","RP-HMS-I40","RP","HMS","I",FALSE,FALSE,"05","40","40"
"I0550","RP-HMS-I50","RP","HMS","I",FALSE,FALSE,"05","50","50"
"I0580","RP-HMS-I80","RP","HMS","I",FALSE,FALSE,"05","80","80"
"I11","MS-HMS-I00","MS","HMS","I",FALSE,FALSE,"11","","00"
"I1160","MS-HMS-I60","MS","HMS","I",FALSE,FALSE,"11","60","60"
"I12","MM-HMS-I00","MM","HMS","I",FALSE,FALSE,"12","","00"
"I1272","MM-HMS-I72","MM","HMS","I",FALSE,FALSE,"12","72","72"
"I1280","MM-HMS-I80","MM","HMS","I",FALSE,FALSE,"12","80","80"
"I19","NS-HMS-I00","NS","HMS","I",FALSE,FALSE,"19","","00"
"I1930","NS-HMS-I30","NS","HMS","I",FALSE,FALSE,"19","30","30"
"I1960","NS-HMS-I60","NS","HMS","I",FALSE,FALSE,"19","60","60"
"I1972","NS-HMS-I72","NS","HMS","I",FALSE,FALSE,"19","72","72"
"I1980","NS-HMS-I80","NS","HMS","I",FALSE,FALSE,"19","80","80"
"I20","RG-HMS-I20","RG","HMS","I",FALSE,FALSE,"20","","20"
"I21","RG-HMS-I21","RG","HMS","I",FALSE,FALSE,"21","","21"
"I23","RG-HMS-I23","RG","HMS","I",FALSE,FALSE,"23","","23"
"I30","RG-HMS-I30","RG","HMS","I",FALSE,FALSE,"30","","30"
"I31","RG-HMS-I31","RG","HMS","I",FALSE,FALSE,"31","","31"
"I40","RG-HMS-I40","RG","HMS","I",FALSE,FALSE,"40","","40"
"I43","RG-HMS-I43","RG","HMS","I",FALSE,FALSE,"43","","43"
"I44","RG-HMS-I44","RG","HMS","I",FALSE,FALSE,"44","","44"
"I50","RG-HMS-I50","RG","HMS","I",FALSE,FALSE,"50","","50"
"I51","RG-HMS-I51","RG","HMS","I",FALSE,FALSE,"51","","51"
"I60","RG-HMS-I60","RG","HMS","I",FALSE,FALSE,"60","","60"
"I70","RG-HMS-I70","RG","HMS","I",FALSE,FALSE,"70","","70"
"I71","RG-HMS-I71","RG","HMS","I",FALSE,FALSE,"71","","71"
"I72","RG-HMS-I72","RG","HMS","I",FALSE,FALSE,"72","","72"
"I73","RG-HMS-I73","RG","HMS","I",FALSE,FALSE,"73","","73"
"I80","RG-HMS-I80","RG","HMS","I",FALSE,FALSE,"80","","80"
"I83","RG-HMS-I83","RG","HMS","I",FALSE,FALSE,"83","","83"
"I99","RG-HMS-I99","RG","HMS","I",FALSE,FALSE,"99","","99"
"J01","AA-HMS-J00","AA","HMS","J",FALSE,FALSE,"01","","00"
"J0130","AA-HMS-J30","AA","HMS","J",FALSE,FALSE,"01","30","30"
"J02","MT-HMS-J00","MT","HMS","J",FALSE,FALSE,"02","","00"
"J03","PA-HMS-J00","PA","HMS","J",FALSE,FALSE,"03","","00"
"J05","RP-HMS-J00","RP","HMS","J",FALSE,FALSE,"05","","00"
"J0540","RP-HMS-J40","RP","HMS","J",FALSE,FALSE,"05","40","40"
"J11","MS-HMS-J00","MS","HMS","J",FALSE,FALSE,"11","","00"
"J1122","MS-HMS-J22","MS","HMS","J",FALSE,FALSE,"11","22","22"
"J1130","MS-HMS-J30","MS","HMS","J",FALSE,FALSE,"11","30","30"
"J12","MM-HMS-J00","MM","HMS","J",FALSE,FALSE,"12","","00"
"J19","NS-HMS-J00","NS","HMS","J",FALSE,FALSE,"19","","00"
"J1920","NS-HMS-J20","NS","HMS","J",FALSE,FALSE,"19","20","20"
"J1940","NS-HMS-J40","NS","HMS","J",FALSE,FALSE,"19","40","40"
"J20","RG-HMS-J20","RG","HMS","J",FALSE,FALSE,"20","","20"
"J21","RG-HMS-J21","RG","HMS","J",FALSE,FALSE,"21","","21"
"J22","RG-HMS-J22","RG","HMS","J",FALSE,FALSE,"22","","22"
"J30","RG-HMS-J30","RG","HMS","J",FALSE,FALSE,"30","","30"
"J32","RG-HMS-J32","RG","HMS","J",FALSE,FALSE,"32","","32"
"J33","RG-HMS-J33","RG","HMS","J",FALSE,FALSE,"33","","33"
"J40","RG-HMS-J40","RG","HMS","J",FALSE,FALSE,"40","","40"
"J99","RG-HMS-J99","RG","HMS","J",FALSE,FALSE,"99","","99"
"K01","AA-HMS-K00","AA","HMS","K",FALSE,FALSE,"01","","00"
"K02","MT-HMS-K00","MT","HMS","K",FALSE,FALSE,"02","","00"
"K03","PA-HMS-K00","PA","HMS","K",FALSE,FALSE,"03","","00"
"K0334","PA-HMS-K34","PA","HMS","K",FALSE,FALSE,"03","34","34"
"K05","RP-HMS-K00","RP","HMS","K",FALSE,FALSE,"05","","00"
"K0520","RP-HMS-K20","RP","HMS","K",FALSE,FALSE,"05","20","20"
"K0528","RP-HMS-K28","RP","HMS","K",FALSE,FALSE,"05","28","28"
"K0530","RP-HMS-K30","RP","HMS","K",FALSE,FALSE,"05","30","30"
"K0534","RP-HMS-K34","RP","HMS","K",FALSE,FALSE,"05","34","34"
"K0540","RP-HMS-K40","RP","HMS","K",FALSE,FALSE,"05","40","40"
"K11","MS-HMS-K00","MS","HMS","K",FALSE,FALSE,"11","","00"
"K1120","MS-HMS-K20","MS","HMS","K",FALSE,FALSE,"11","20","20"
"K12","MM-HMS-K00","MM","HMS","K",FALSE,FALSE,"12","","00"
"K19","NS-HMS-K00","NS","HMS","K",FALSE,FALSE,"19","","00"
"K1920","NS-HMS-K20","NS","HMS","K",FALSE,FALSE,"19","20","20"
"K20","RG-HMS-K20","RG","HMS","K",FALSE,FALSE,"20","","20"
"K25","RG-HMS-K25","RG","HMS","K",FALSE,FALSE,"25","","25"
"K26","RG-HMS-K26","RG","HMS","K",FALSE,FALSE,"26","","26"
"K28","RG-HMS-K28","RG","HMS","K",FALSE,FALSE,"28","","28"
"K2A","RG-HMS-K2A","RG","HMS","K",FALSE,FALSE,"2A","","2A"
"K2B","RG-HMS-K2B","RG","HMS","K",FALSE,FALSE,"2B","","2B"
"K2C","RG-HMS-K2C","RG","HMS","K",FALSE,FALSE,"2C","","2C"
"K30","RG-HMS-K30","RG","HMS","K",FALSE,FALSE,"30","","30"
"K31","RG-HMS-K31","RG","HMS","K",FALSE,FALSE,"31","","31"
"K34","RG-HMS-K34","RG","HMS","K",FALSE,FALSE,"34","","34"
"K35","RG-HMS-K35","RG","HMS","K",FALSE,FALSE,"35","","35"
"K36","RG-HMS-K36","RG","HMS","K",FALSE,FALSE,"36","","36"
"K40","RG-HMS-K40","RG","HMS","K",FALSE,FALSE,"40","","40"
"K50","RG-HMS-K50","RG","HMS","K",FALSE,FALSE,"50","","50"
"K6A","RG-HMS-K6A","RG","HMS","K",FALSE,FALSE,"6A","","6A"
"K6B","RG-HMS-K6B","RG","HMS","K",FALSE,FALSE,"6B","","6B"
"K6C","RG-HMS-K6C","RG","HMS","K",FALSE,FALSE,"6C","","6C"
"K6D","RG-HMS-K6D","RG","HMS","K",FALSE,FALSE,"6D","","6D"
"K6E","RG-HMS-K6E","RG","HMS","K",FALSE,FALSE,"6E","","6E"
"K6F","RG-HMS-K6F","RG","HMS","K",FALSE,FALSE,"6F","","6F"
"K90","RG-HMS-K90","RG","HMS","K",FALSE,FALSE,"90","","90"
"K91","RG-HMS-K91","RG","HMS","K",FALSE,FALSE,"91","","91"
"K92","RG-HMS-K92","RG","HMS","K",FALSE,FALSE,"92","","92"
"K93","RG-HMS-K93","RG","HMS","K",FALSE,FALSE,"93","","93"
"K94","RG-HMS-K94","RG","HMS","K",FALSE,FALSE,"94","","94"
"K95","RG-HMS-K95","RG","HMS","K",FALSE,FALSE,"95","","95"
"K96","RG-HMS-K96","RG","HMS","K",FALSE,FALSE,"96","","96"
"K97","RG-HMS-K97","RG","HMS","K",FALSE,FALSE,"97","","97"
"K98","RG-HMS-K98","RG","HMS","K",FALSE,FALSE,"98","","98"
"K99","RG-HMS-K99","RG","HMS","K",FALSE,FALSE,"99","","99"
"L01","AA-HMS-L00","AA","HMS","L",FALSE,FALSE,"01","","00"
"L0120","AA-HMS-L20","AA","HMS","L",FALSE,FALSE,"01","20","20"
"L0122","AA-HMS-L22","AA","HMS","L",FALSE,FALSE,"01","22","22"
"L0141","AA-HMS-L41","AA","HMS","L",FALSE,FALSE,"01","41","41"
"L0150","AA-HMS-L50","AA","HMS","L",FALSE,FALSE,"01","50","50"
"L02","MT-HMS-L00","MT","HMS","L",FALSE,FALSE,"02","","00"
"L0220","MT-HMS-L20","MT","HMS","L",FALSE,FALSE,"02","20","20"
"L0221","MT-HMS-L21","MT","HMS","L",FALSE,FALSE,"02","21","21"
"L0222","MT-HMS-L22","MT","HMS","L",FALSE,FALSE,"02","22","22"
"L0250","MT-HMS-L50","MT","HMS","L",FALSE,FALSE,"02","50","50"
"L03","PA-HMS-L00","PA","HMS","L",FALSE,FALSE,"03","","00"
"L0320","PA-HMS-L20","PA","HMS","L",FALSE,FALSE,"03","20","20"
"L0321","PA-HMS-L21","PA","HMS","L",FALSE,FALSE,"03","21","21"
"L0322","PA-HMS-L22","PA","HMS","L",FALSE,FALSE,"03","22","22"
"L0350","PA-HMS-L50","PA","HMS","L",FALSE,FALSE,"03","50","50"
"L0380","PA-HMS-L80","PA","HMS","L",FALSE,FALSE,"03","80","80"
"L05","RP-HMS-L00","RP","HMS","L",FALSE,FALSE,"05","","00"
"L0550","RP-HMS-L50","RP","HMS","L",FALSE,FALSE,"05","50","50"
"L11","MS-HMS-L00","MS","HMS","L",FALSE,FALSE,"11","","00"
"L1120","MS-HMS-L20","MS","HMS","L",FALSE,FALSE,"11","20","20"
"L1122","MS-HMS-L22","MS","HMS","L",FALSE,FALSE,"11","22","22"
"L1150","MS-HMS-L50","MS","HMS","L",FALSE,FALSE,"11","50","50"
"L12","MM-HMS-L00","MM","HMS","L",FALSE,FALSE,"12","","00"
"L1220","MM-HMS-L20","MM","HMS","L",FALSE,FALSE,"12","20","20"
"L1221","MM-HMS-L21","MM","HMS","L",FALSE,FALSE,"12","21","21"
"L1250","MM-HMS-L50","MM","HMS","L",FALSE,FALSE,"12","50","50"
"L19","NS-HMS-L00","NS","HMS","L",FALSE,FALSE,"19","","00"
"L1920","NS-HMS-L20","NS","HMS","L",FALSE,FALSE,"19","20","20"
"L1921","NS-HMS-L21","NS","HMS","L",FALSE,FALSE,"19","21","21"
"L1941","NS-HMS-L41","NS","HMS","L",FALSE,FALSE,"19","41","41"
"L1950","NS-HMS-L50","NS","HMS","L",FALSE,FALSE,"19","50","50"
"L20","RG-HMS-L20","RG","HMS","L",FALSE,FALSE,"20","","20"
"L21","RG-HMS-L21","RG","HMS","L",FALSE,FALSE,"21","","21"
"L22","RG-HMS-L22","RG","HMS","L",FALSE,FALSE,"22","","22"
"L24","RG-HMS-L24","RG","HMS","L",FALSE,FALSE,"24","","24"
"L25","RG-HMS-L25","RG","HMS","L",FALSE,FALSE,"25","","25"
"L30","RG-HMS-L30","RG","HMS","L",FALSE,FALSE,"30","","30"
"L40","RG-HMS-L40","RG","HMS","L",FALSE,FALSE,"40","","40"
"L41","RG-HMS-L41","RG","HMS","L",FALSE,FALSE,"41","","41"
"L4A","RG-HMS-L4A","RG","HMS","L",FALSE,FALSE,"4A","","4A"
"L4B","RG-HMS-L4B","RG","HMS","L",FALSE,FALSE,"4B","","4B"
"L50","RG-HMS-L50","RG","HMS","L",FALSE,FALSE,"50","","50"
"L80","RG-HMS-L80","RG","HMS","L",FALSE,FALSE,"80","","80"
"L81","RG-HMS-L81","RG","HMS","L",FALSE,FALSE,"81","","81"
"L82","RG-HMS-L82","RG","HMS","L",FALSE,FALSE,"82","","82"
"L99","RG-HMS-L99","RG","HMS","L",FALSE,FALSE,"99","","99"
"M01","AA-HMS-M00","AA","HMS","M",FALSE,FALSE,"01","","00"
"M0140","AA-HMS-M40","AA","HMS","M",FALSE,FALSE,"01","40","40"
"M02","MT-HMS-M00","MT","HMS","M",FALSE,FALSE,"02","","00"
"M03","PA-HMS-M00","PA","HMS","M",FALSE,FALSE,"03","","00"
"M0324","PA-HMS-M24","PA","HMS","M",FALSE,FALSE,"03","24","24"
"M0340","PA-HMS-M40","PA","HMS","M",FALSE,FALSE,"03","40","40"
"M05","RP-HMS-M00","RP","HMS","M",FALSE,FALSE,"05","","00"
"M0524","RP-HMS-M24","RP","HMS","M",FALSE,FALSE,"05","24","24"
"M11","MS-HMS-M00","MS","HMS","M",FALSE,FALSE,"11","","00"
"M1124","MS-HMS-M24","MS","HMS","M",FALSE,FALSE,"11","24","24"
"M12","MM-HMS-M00","MM","HMS","M",FALSE,FALSE,"12","","00"
"M19","NS-HMS-M00","NS","HMS","M",FALSE,FALSE,"19","","00"
"M20","RG-HMS-M20","RG","HMS","M",FALSE,FALSE,"20","","20"
"M23","RG-HMS-M23","RG","HMS","M",FALSE,FALSE,"23","","23"
"M24","RG-HMS-M24","RG","HMS","M",FALSE,FALSE,"24","","24"
"M40","RG-HMS-M40","RG","HMS","M",FALSE,FALSE,"40","","40"
"M41","RG-HMS-M41","RG","HMS","M",FALSE,FALSE,"41","","41"
"M42","RG-HMS-M42","RG","HMS","M",FALSE,FALSE,"42","","42"
"M60","RG-HMS-M60","RG","HMS","M",FALSE,FALSE,"60","","60"
"M99","RG-HMS-M99","RG","HMS","M",FALSE,FALSE,"99","","99"
"N01","AA-HMS-N00","AA","HMS","N",FALSE,FALSE,"01","","00"
"N0161","AA-HMS-N61","AA","HMS","N",FALSE,FALSE,"01","61","61"
"N0164","AA-HMS-N64","AA","HMS","N",FALSE,FALSE,"01","64","64"
"N02","MT-HMS-N00","MT","HMS","N",FALSE,FALSE,"02","","00"
"N0240","MT-HMS-N40","MT","HMS","N",FALSE,FALSE,"02","40","40"
"N03","PA-HMS-N00","PA","HMS","N",FALSE,FALSE,"03","","00"
"N0320","PA-HMS-N20","PA","HMS","N",FALSE,FALSE,"03","20","20"
"N0330","PA-HMS-N30","PA","HMS","N",FALSE,FALSE,"03","30","30"
"N0360","PA-HMS-N60","PA","HMS","N",FALSE,FALSE,"03","60","60"
"N0371","PA-HMS-N71","PA","HMS","N",FALSE,FALSE,"03","71","71"
"N05","RP-HMS-N00","RP","HMS","N",FALSE,FALSE,"05","","00"
"N11","MS-HMS-N00","MS","HMS","N",FALSE,FALSE,"11","","00"
"N1120","MS-HMS-N20","MS","HMS","N",FALSE,FALSE,"11","20","20"
"N1132","MS-HMS-N32","MS","HMS","N",FALSE,FALSE,"11","32","32"
"N1160","MS-HMS-N60","MS","HMS","N",FALSE,FALSE,"11","60","60"
"N1168","MS-HMS-N68","MS","HMS","N",FALSE,FALSE,"11","68","68"
"N1171","MS-HMS-N71","MS","HMS","N",FALSE,FALSE,"11","71","71"
"N12","MM-HMS-N00","MM","HMS","N",FALSE,FALSE,"12","","00"
"N1220","MM-HMS-N20","MM","HMS","N",FALSE,FALSE,"12","20","20"
"N1232","MM-HMS-N32","MM","HMS","N",FALSE,FALSE,"12","32","32"
"N1260","MM-HMS-N60","MM","HMS","N",FALSE,FALSE,"12","60","60"
"N1261","MM-HMS-N61","MM","HMS","N",FALSE,FALSE,"12","61","61"
"N19","NS-HMS-N00","NS","HMS","N",FALSE,FALSE,"19","","00"
"N1932","NS-HMS-N32","NS","HMS","N",FALSE,FALSE,"19","32","32"
"N1964","NS-HMS-N64","NS","HMS","N",FALSE,FALSE,"19","64","64"
"N20","RG-HMS-N20","RG","HMS","N",FALSE,FALSE,"20","","20"
"N2A","RG-HMS-N2A","RG","HMS","N",FALSE,FALSE,"2A","","2A"
"N2B","RG-HMS-N2B","RG","HMS","N",FALSE,FALSE,"2B","","2B"
"N30","RG-HMS-N30","RG","HMS","N",FALSE,FALSE,"30","","30"
"N31","RG-HMS-N31","RG","HMS","N",FALSE,FALSE,"31","","31"
"N32","RG-HMS-N32","RG","HMS","N",FALSE,FALSE,"32","","32"
"N40","RG-HMS-N40","RG","HMS","N",FALSE,FALSE,"40","","40"
"N50","RG-HMS-N50","RG","HMS","N",FALSE,FALSE,"50","","50"
"N52","RG-HMS-N52","RG","HMS","N",FALSE,FALSE,"52","","52"
"N60","RG-HMS-N60","RG","HMS","N",FALSE,FALSE,"60","","60"
"N61","RG-HMS-N61","RG","HMS","N",FALSE,FALSE,"61","","61"
"N62","RG-HMS-N62","RG","HMS","N",FALSE,FALSE,"62","","62"
"N63","RG-HMS-N63","RG","HMS","N",FALSE,FALSE,"63","","63"
"N64","RG-HMS-N64","RG","HMS","N",FALSE,FALSE,"64","","64"
"N65","RG-HMS-N65","RG","HMS","N",FALSE,FALSE,"65","","65"
"N66","RG-HMS-N66","RG","HMS","N",FALSE,FALSE,"66","","66"
"N67","RG-HMS-N67","RG","HMS","N",FALSE,FALSE,"67","","67"
"N68","RG-HMS-N68","RG","HMS","N",FALSE,FALSE,"68","","68"
"N69","RG-HMS-N69","RG","HMS","N",FALSE,FALSE,"69","","69"
"N6A","RG-HMS-N6A","RG","HMS","N",FALSE,FALSE,"6A","","6A"
"N70","RG-HMS-N70","RG","HMS","N",FALSE,FALSE,"70","","70"
"N71","RG-HMS-N71","RG","HMS","N",FALSE,FALSE,"71","","71"
"N72","RG-HMS-N72","RG","HMS","N",FALSE,FALSE,"72","","72"
"N80","RG-HMS-N80","RG","HMS","N",FALSE,FALSE,"80","","80"
"N99","RG-HMS-N99","RG","HMS","N",FALSE,FALSE,"99","","99"
"O01","AA-HMS-O00","AA","HMS","O",FALSE,FALSE,"01","","00"
"O0130","AA-HMS-O30","AA","HMS","O",FALSE,FALSE,"01","30","30"
"O02","MT-HMS-O00","MT","HMS","O",FALSE,FALSE,"02","","00"
"O03","PA-HMS-O00","PA","HMS","O",FALSE,FALSE,"03","","00"
"O0320","PA-HMS-O20","PA","HMS","O",FALSE,FALSE,"03","20","20"
"O05","RP-HMS-O00","RP","HMS","O",FALSE,FALSE,"05","","00"
"O11","MS-HMS-O00","MS","HMS","O",FALSE,FALSE,"11","","00"
"O1120","MS-HMS-O20","MS","HMS","O",FALSE,FALSE,"11","20","20"
"O1152","MS-HMS-O52","MS","HMS","O",FALSE,FALSE,"11","52","52"
"O12","MM-HMS-O00","MM","HMS","O",FALSE,FALSE,"12","","00"
"O1223","MM-HMS-O23","MM","HMS","O",FALSE,FALSE,"12","23","23"
"O19","NS-HMS-O00","NS","HMS","O",FALSE,FALSE,"19","","00"
"O20","RG-HMS-O20","RG","HMS","O",FALSE,FALSE,"20","","20"
"O21","RG-HMS-O21","RG","HMS","O",FALSE,FALSE,"21","","21"
"O22","RG-HMS-O22","RG","HMS","O",FALSE,FALSE,"22","","22"
"O23","RG-HMS-O23","RG","HMS","O",FALSE,FALSE,"23","","23"
"O30","RG-HMS-O30","RG","HMS","O",FALSE,FALSE,"30","","30"
"O31","RG-HMS-O31","RG","HMS","O",FALSE,FALSE,"31","","31"
"O40","RG-HMS-O40","RG","HMS","O",FALSE,FALSE,"40","","40"
"O41","RG-HMS-O41","RG","HMS","O",FALSE,FALSE,"41","","41"
"O42","RG-HMS-O42","RG","HMS","O",FALSE,FALSE,"42","","42"
"O43","RG-HMS-O43","RG","HMS","O",FALSE,FALSE,"43","","43"
"O50","RG-HMS-O50","RG","HMS","O",FALSE,FALSE,"50","","50"
"O51","RG-HMS-O51","RG","HMS","O",FALSE,FALSE,"51","","51"
"O52","RG-HMS-O52","RG","HMS","O",FALSE,FALSE,"52","","52"
"O53","RG-HMS-O53","RG","HMS","O",FALSE,FALSE,"53","","53"
"O54","RG-HMS-O54","RG","HMS","O",FALSE,FALSE,"54","","54"
"O55","RG-HMS-O55","RG","HMS","O",FALSE,FALSE,"55","","55"
"O99","RG-HMS-O99","RG","HMS","O",FALSE,FALSE,"99","","99"
"P01","AA-HMS-P00","AA","HMS","P",FALSE,FALSE,"01","","00"
"P0130","AA-HMS-P30","AA","HMS","P",FALSE,FALSE,"01","30","30"
"P0133","AA-HMS-P33","AA","HMS","P",FALSE,FALSE,"01","33","33"
"P0140","AA-HMS-P40","AA","HMS","P",FALSE,FALSE,"01","40","40"
"P0143","AA-HMS-P43","AA","HMS","P",FALSE,FALSE,"01","43","43"
"P0150","AA-HMS-P50","AA","HMS","P",FALSE,FALSE,"01","50","50"
"P0171","AA-HMS-P71","AA","HMS","P",FALSE,FALSE,"01","71","71"
"P0180","AA-HMS-P80","AA","HMS","P",FALSE,FALSE,"01","80","80"
"P0181","AA-HMS-P81","AA","HMS","P",FALSE,FALSE,"01","81","81"
"P02","MT-HMS-P00","MT","HMS","P",FALSE,FALSE,"02","","00"
"P0233","MT-HMS-P33","MT","HMS","P",FALSE,FALSE,"02","33","33"
"P0240","MT-HMS-P40","MT","HMS","P",FALSE,FALSE,"02","40","40"
"P0270","MT-HMS-P70","MT","HMS","P",FALSE,FALSE,"02","70","70"
"P03","PA-HMS-P00","PA","HMS","P",FALSE,FALSE,"03","","00"
"P0320","PA-HMS-P20","PA","HMS","P",FALSE,FALSE,"03","20","20"
"P0374","PA-HMS-P74","PA","HMS","P",FALSE,FALSE,"03","74","74"
"P0375","PA-HMS-P75","PA","HMS","P",FALSE,FALSE,"03","75","75"
"P05","RP-HMS-P00","RP","HMS","P",FALSE,FALSE,"05","","00"
"P11","MS-HMS-P00","MS","HMS","P",FALSE,FALSE,"11","","00"
"P1120","MS-HMS-P20","MS","HMS","P",FALSE,FALSE,"11","20","20"
"P1127","MS-HMS-P27","MS","HMS","P",FALSE,FALSE,"11","27","27"
"P1130","MS-HMS-P30","MS","HMS","P",FALSE,FALSE,"11","30","30"
"P1140","MS-HMS-P40","MS","HMS","P",FALSE,FALSE,"11","40","40"
"P1170","MS-HMS-P70","MS","HMS","P",FALSE,FALSE,"11","70","70"
"P1174","MS-HMS-P74","MS","HMS","P",FALSE,FALSE,"11","74","74"
"P1175","MS-HMS-P75","MS","HMS","P",FALSE,FALSE,"11","75","75"
"P1180","MS-HMS-P80","MS","HMS","P",FALSE,FALSE,"11","80","80"
"P1182","MS-HMS-P82","MS","HMS","P",FALSE,FALSE,"11","82","82"
"P12","MM-HMS-P00","MM","HMS","P",FALSE,FALSE,"12","","00"
"P1220","MM-HMS-P20","MM","HMS","P",FALSE,FALSE,"12","20","20"
"P1230","MM-HMS-P30","MM","HMS","P",FALSE,FALSE,"12","30","30"
"P1281","MM-HMS-P81","MM","HMS","P",FALSE,FALSE,"12","81","81"
"P1284","MM-HMS-P84","MM","HMS","P",FALSE,FALSE,"12","84","84"
"P19","NS-HMS-P00","NS","HMS","P",FALSE,FALSE,"19","","00"
"P1920","NS-HMS-P20","NS","HMS","P",FALSE,FALSE,"19","20","20"
"P1930","NS-HMS-P30","NS","HMS","P",FALSE,FALSE,"19","30","30"
"P1933","NS-HMS-P33","NS","HMS","P",FALSE,FALSE,"19","33","33"
"P1940","NS-HMS-P40","NS","HMS","P",FALSE,FALSE,"19","40","40"
"P1975","NS-HMS-P75","NS","HMS","P",FALSE,FALSE,"19","75","75"
"P1981","NS-HMS-P81","NS","HMS","P",FALSE,FALSE,"19","81","81"
"P1982","NS-HMS-P82","NS","HMS","P",FALSE,FALSE,"19","82","82"
"P20","RG-HMS-P20","RG","HMS","P",FALSE,FALSE,"20","","20"
"P21","RG-HMS-P21","RG","HMS","P",FALSE,FALSE,"21","","21"
"P22","RG-HMS-P22","RG","HMS","P",FALSE,FALSE,"22","","22"
"P24","RG-HMS-P24","RG","HMS","P",FALSE,FALSE,"24","","24"
"P26","RG-HMS-P26","RG","HMS","P",FALSE,FALSE,"26","","26"
"P27","RG-HMS-P27","RG","HMS","P",FALSE,FALSE,"27","","27"
"P28","RG-HMS-P28","RG","HMS","P",FALSE,FALSE,"28","","28"
"P29","RG-HMS-P29","RG","HMS","P",FALSE,FALSE,"29","","29"
"P30","RG-HMS-P30","RG","HMS","P",FALSE,FALSE,"30","","30"
"P31","RG-HMS-P31","RG","HMS","P",FALSE,FALSE,"31","","31"
"P32","RG-HMS-P32","RG","HMS","P",FALSE,FALSE,"32","","32"
"P33","RG-HMS-P33","RG","HMS","P",FALSE,FALSE,"33","","33"
"P40","RG-HMS-P40","RG","HMS","P",FALSE,FALSE,"40","","40"
"P42","RG-HMS-P42","RG","HMS","P",FALSE,FALSE,"42","","42"
"P43","RG-HMS-P43","RG","HMS","P",FALSE,FALSE,"43","","43"
"P44","RG-HMS-P44","RG","HMS","P",FALSE,FALSE,"44","","44"
"P45","RG-HMS-P45","RG","HMS","P",FALSE,FALSE,"45","","45"
"P46","RG-HMS-P46","RG","HMS","P",FALSE,FALSE,"46","","46"
"P47","RG-HMS-P47","RG","HMS","P",FALSE,FALSE,"47","","47"
"P50","RG-HMS-P50","RG","HMS","P",FALSE,FALSE,"50","","50"
"P51","RG-HMS-P51","RG","HMS","P",FALSE,FALSE,"51","","51"
"P52","RG-HMS-P52","RG","HMS","P",FALSE,FALSE,"52","","52"
"P58","RG-HMS-P58","RG","HMS","P",FALSE,FALSE,"58","","58"
"P60","RG-HMS-P60","RG","HMS","P",FALSE,FALSE,"60","","60"
"P61","RG-HMS-P61","RG","HMS","P",FALSE,FALSE,"61","","61"
"P62","RG-HMS-P62","RG","HMS","P",FALSE,FALSE,"62","","62"
"P70","RG-HMS-P70","RG","HMS","P",FALSE,FALSE,"70","","70"
"P71","RG-HMS-P71","RG","HMS","P",FALSE,FALSE,"71","","71"
"P73","RG-HMS-P73","RG","HMS","P",FALSE,FALSE,"73","","73"
"P74","RG-HMS-P74","RG","HMS","P",FALSE,FALSE,"74","","74"
"P75","RG-HMS-P75","RG","HMS","P",FALSE,FALSE,"75","","75"
"P76","RG-HMS-P76","RG","HMS","P",FALSE,FALSE,"76","","76"
"P7A","RG-HMS-P7A","RG","HMS","P",FALSE,FALSE,"7A","","7A"
"P80","RG-HMS-P80","RG","HMS","P",FALSE,FALSE,"80","","80"
"P81","RG-HMS-P81","RG","HMS","P",FALSE,FALSE,"81","","81"
"P82","RG-HMS-P82","RG","HMS","P",FALSE,FALSE,"82","","82"
"P83","RG-HMS-P83","RG","HMS","P",FALSE,FALSE,"83","","83"
"P84","RG-HMS-P84","RG","HMS","P",FALSE,FALSE,"84","","84"
"P85","RG-HMS-P85","RG","HMS","P",FALSE,FALSE,"85","","85"
"P86","RG-HMS-P86","RG","HMS","P",FALSE,FALSE,"86","","86"
"P87","RG-HMS-P87","RG","HMS","P",FALSE,FALSE,"87","","87"
"P88","RG-HMS-P88","RG","HMS","P",FALSE,FALSE,"88","","88"
"P99","RG-HMS-P99","RG","HMS","P",FALSE,FALSE,"99","","99"
"Q01","AA-IFA-Q00","AA","IFA","Q",FALSE,FALSE,"01","","00"
"Q0120","AA-IFA-Q20","AA","IFA","Q",FALSE,FALSE,"01","20","20"
"Q0141","AA-IFA-Q41","AA","IFA","Q",FALSE,FALSE,"01","41","41"
"Q02","MT-IFA-Q00","MT","IFA","Q",FALSE,FALSE,"02","","00"
"Q03","PA-IFA-Q00","PA","IFA","Q",FALSE,FALSE,"03","","00"
"Q0322","PA-IFA-Q22","PA","IFA","Q",FALSE,FALSE,"03","22","22"
"Q0323","PA-IFA-Q23","PA","IFA","Q",FALSE,FALSE,"03","23","23"
"Q0330","PA-IFA-Q30","PA","IFA","Q",FALSE,FALSE,"03","30","30"
"Q0350","PA-IFA-Q50","PA","IFA","Q",FALSE,FALSE,"03","50","50"
"Q05","RP-IFA-Q00","RP","IFA","Q",FALSE,FALSE,"05","","00"
"Q0532","RP-IFA-Q32","RP","IFA","Q",FALSE,FALSE,"05","32","32"
"Q0538","RP-IFA-Q38","RP","IFA","Q",FALSE,FALSE,"05","38","38"
"Q0550","RP-IFA-Q50","RP","IFA","Q",FALSE,FALSE,"05","50","50"
"Q11","MS-IFA-Q00","MS","IFA","Q",FALSE,FALSE,"11","","00"
"Q1120","MS-IFA-Q20","MS","IFA","Q",FALSE,FALSE,"11","20","20"
"Q1130","MS-IFA-Q30","MS","IFA","Q",FALSE,FALSE,"11","30","30"
"Q1134","MS-IFA-Q34","MS","IFA","Q",FALSE,FALSE,"11","34","34"
"Q1135","MS-IFA-Q35","MS","IFA","Q",FALSE,FALSE,"11","35","35"
"Q1151","MS-IFA-Q51","MS","IFA","Q",FALSE,FALSE,"11","51","51"
"Q12","MM-IFA-Q00","MM","IFA","Q",FALSE,FALSE,"12","","00"
"Q1230","MM-IFA-Q30","MM","IFA","Q",FALSE,FALSE,"12","30","30"
"Q1240","MM-IFA-Q40","MM","IFA","Q",FALSE,FALSE,"12","40","40"
"Q19","NS-IFA-Q00","NS","IFA","Q",FALSE,FALSE,"19","","00"
"Q1970","NS-IFA-Q70","NS","IFA","Q",FALSE,FALSE,"19","70","70"
"Q20","RG-IFA-Q20","RG","IFA","Q",FALSE,FALSE,"20","","20"
"Q21","RG-IFA-Q21","RG","IFA","Q",FALSE,FALSE,"21","","21"
"Q22","RG-IFA-Q22","RG","IFA","Q",FALSE,FALSE,"22","","22"
"Q23","RG-IFA-Q23","RG","IFA","Q",FALSE,FALSE,"23","","23"
"Q30","RG-IFA-Q30","RG","IFA","Q",FALSE,FALSE,"30","","30"
"Q31","RG-IFA-Q31","RG","IFA","Q",FALSE,FALSE,"31","","31"
"Q32","RG-IFA-Q32","RG","IFA","Q",FALSE,FALSE,"32","","32"
"Q33","RG-IFA-Q33","RG","IFA","Q",FALSE,FALSE,"33","","33"
"Q34","RG-IFA-Q34","RG","IFA","Q",FALSE,FALSE,"34","","34"
"Q35","RG-IFA-Q35","RG","IFA","Q",FALSE,FALSE,"35","","35"
"Q36","RG-IFA-Q36","RG","IFA","Q",FALSE,FALSE,"36","","36"
"Q38","RG-IFA-Q38","RG","IFA","Q",FALSE,FALSE,"38","","38"
"Q39","RG-IFA-Q39","RG","IFA","Q",FALSE,FALSE,"39","","39"
"Q40","RG-IFA-Q40","RG","IFA","Q",FALSE,FALSE,"40","","40"
"Q41","RG-IFA-Q41","RG","IFA","Q",FALSE,FALSE,"41","","41"
"Q42","RG-IFA-Q42","RG","IFA","Q",FALSE,FALSE,"42","","42"
"Q43","RG-IFA-Q43","RG","IFA","Q",FALSE,FALSE,"43","","43"
"Q50","RG-IFA-Q50","RG","IFA","Q",FALSE,FALSE,"50","","50"
"Q51","RG-IFA-Q51","RG","IFA","Q",FALSE,FALSE,"51","","51"
"Q70","RG-IFA-Q70","RG","IFA","Q",FALSE,FALSE,"70","","70"
"Q71","RG-IFA-Q71","RG","IFA","Q",FALSE,FALSE,"71","","71"
"Q99","RG-IFA-Q99","RG","IFA","Q",FALSE,FALSE,"99","","99"
"R01","AA-PSB-R00","AA","PSB","R",FALSE,FALSE,"01","","00"
"R0124","AA-PSB-R24","AA","PSB","R",FALSE,FALSE,"01","24","24"
"R0128","AA-PSB-R28","AA","PSB","R",FALSE,FALSE,"01","28","28"
"R0161","AA-PSB-R61","AA","PSB","R",FALSE,FALSE,"01","61","61"
"R0162","AA-PSB-R62","AA","PSB","R",FALSE,FALSE,"01","62","62"
"R02","MT-PSB-R00","MT","PSB","R",FALSE,FALSE,"02","","00"
"R0226","MT-PSB-R26","MT","PSB","R",FALSE,FALSE,"02","26","26"
"R03","PA-PSB-R00","PA","PSB","R",FALSE,FALSE,"03","","00"
"R05","RP-PSB-R00","RP","PSB","R",FALSE,FALSE,"05","","00"
"R11","MS-PSB-R00","MS","PSB","R",FALSE,FALSE,"11","","00"
"R12","MM-PSB-R00","MM","PSB","R",FALSE,FALSE,"12","","00"
"R1226","MM-PSB-R26","MM","PSB","R",FALSE,FALSE,"12","26","26"
"R19","NS-PSB-R00","NS","PSB","R",FALSE,FALSE,"19","","00"
"R1924","NS-PSB-R24","NS","PSB","R",FALSE,FALSE,"19","24","24"
"R20","RG-PSB-R20","RG","PSB","R",FALSE,FALSE,"20","","20"
"R21","RG-PSB-R21","RG","PSB","R",FALSE,FALSE,"21","","21"
"R22","RG-PSB-R22","RG","PSB","R",FALSE,FALSE,"22","","22"
"R23","RG-PSB-R23","RG","PSB","R",FALSE,FALSE,"23","","23"
"R24","RG-PSB-R24","RG","PSB","R",FALSE,FALSE,"24","","24"
"R25","RG-PSB-R25","RG","PSB","R",FALSE,FALSE,"25","","25"
"R26","RG-PSB-R26","RG","PSB","R",FALSE,FALSE,"26","","26"
"R27","RG-PSB-R27","RG","PSB","R",FALSE,FALSE,"27","","27"
"R28","RG-PSB-R28","RG","PSB","R",FALSE,FALSE,"28","","28"
"R29","RG-PSB-R29","RG","PSB","R",FALSE,FALSE,"29","","29"
"R30","RG-PSB-R30","RG","PSB","R",FALSE,FALSE,"30","","30"
"R40","RG-PSB-R40","RG","PSB","R",FALSE,FALSE,"40","","40"
"R60","RG-PSB-R60","RG","PSB","R",FALSE,FALSE,"60","","60"
"R61","RG-PSB-R61","RG","PSB","R",FALSE,FALSE,"61","","61"
"R62","RG-PSB-R62","RG","PSB","R",FALSE,FALSE,"62","","62"
"R63","RG-PSB-R63","RG","PSB","R",FALSE,FALSE,"63","","63"
"R65","RG-PSB-R65","RG","PSB","R",FALSE,FALSE,"65","","65"
"R67","RG-PSB-R67","RG","PSB","R",FALSE,FALSE,"67","","67"
"R99","RG-PSB-R99","RG","PSB","R",FALSE,FALSE,"99","","99"
"S01","AA-PSB-S00","AA","PSB","S",FALSE,FALSE,"01","","00"
"S0120","AA-PSB-S20","AA","PSB","S",FALSE,FALSE,"01","20","20"
"S0121","AA-PSB-S21","AA","PSB","S",FALSE,FALSE,"01","21","21"
"S02","MT-PSB-S00","MT","PSB","S",FALSE,FALSE,"02","","00"
"S0240","MT-PSB-S40","MT","PSB","S",FALSE,FALSE,"02","40","40"
"S0241","MT-PSB-S41","MT","PSB","S",FALSE,FALSE,"02","41","41"
"S03","PA-PSB-S00","PA","PSB","S",FALSE,FALSE,"03","","00"
"S0320","PA-PSB-S20","PA","PSB","S",FALSE,FALSE,"03","20","20"
"S0321","PA-PSB-S21","PA","PSB","S",FALSE,FALSE,"03","21","21"
"S0341","PA-PSB-S41","PA","PSB","S",FALSE,FALSE,"03","41","41"
"S05","RP-PSB-S00","RP","PSB","S",FALSE,FALSE,"05","","00"
"S11","MS-PSB-S00","MS","PSB","S",FALSE,FALSE,"11","","00"
"S1120","MS-PSB-S20","MS","PSB","S",FALSE,FALSE,"11","20","20"
"S1130","MS-PSB-S30","MS","PSB","S",FALSE,FALSE,"11","30","30"
"S12","MM-PSB-S00","MM","PSB","S",FALSE,FALSE,"12","","00"
"S1220","MM-PSB-S20","MM","PSB","S",FALSE,FALSE,"12","20","20"
"S1221","MM-PSB-S21","MM","PSB","S",FALSE,FALSE,"12","21","21"
"S1222","MM-PSB-S22","MM","PSB","S",FALSE,FALSE,"12","22","22"
"S1240","MM-PSB-S40","MM","PSB","S",FALSE,FALSE,"12","40","40"
"S19","NS-PSB-S00","NS","PSB","S",FALSE,FALSE,"19","","00"
"S20","RG-PSB-S20","RG","PSB","S",FALSE,FALSE,"20","","20"
"S21","RG-PSB-S21","RG","PSB","S",FALSE,FALSE,"21","","21"
"S22","RG-PSB-S22","RG","PSB","S",FALSE,FALSE,"22","","22"
"S30","RG-PSB-S30","RG","PSB","S",FALSE,FALSE,"30","","30"
"S31","RG-PSB-S31","RG","PSB","S",FALSE,FALSE,"31","","31"
"S32","RG-PSB-S32","RG","PSB","S",FALSE,FALSE,"32","","32"
"S40","RG-PSB-S40","RG","PSB","S",FALSE,FALSE,"40","","40"
"S41","RG-PSB-S41","RG","PSB","S",FALSE,FALSE,"41","","41"
"S43","RG-PSB-S43","RG","PSB","S",FALSE,FALSE,"43","","43"
"S46","RG-PSB-S46","RG","PSB","S",FALSE,FALSE,"46","","46"
"S47","RG-PSB-S47","RG","PSB","S",FALSE,FALSE,"47","","47"
"S50","RG-PSB-S50","RG","PSB","S",FALSE,FALSE,"50","","50"
"S80","RG-PSB-S80","RG","PSB","S",FALSE,FALSE,"80","","80"
"S81","RG-PSB-S81","RG","PSB","S",FALSE,FALSE,"81","","81"
"S82","RG-PSB-S82","RG","PSB","S",FALSE,FALSE,"82","","82"
"S99","RG-PSB-S99","RG","PSB","S",FALSE,FALSE,"99","","99"
"T01","AA-PSB-T00","AA","PSB","T",FALSE,FALSE,"01","","00"
"T02","MT-PSB-T00","MT","PSB","T",FALSE,FALSE,"02","","00"
"T03","PA-PSB-T00","PA","PSB","T",FALSE,FALSE,"03","","00"
"T0330","PA-PSB-T30","PA","PSB","T",FALSE,FALSE,"03","30","30"
"T05","RP-PSB-T00","RP","PSB","T",FALSE,FALSE,"05","","00"
"T11","MS-PSB-T00","MS","PSB","T",FALSE,FALSE,"11","","00"
"T1131","MS-PSB-T31","MS","PSB","T",FALSE,FALSE,"11","31","31"
"T1170","MS-PSB-T70","MS","PSB","T",FALSE,FALSE,"11","70","70"
"T12","MM-PSB-T00","MM","PSB","T",FALSE,FALSE,"12","","00"
"T19","NS-PSB-T00","NS","PSB","T",FALSE,FALSE,"19","","00"
"T20","RG-PSB-T20","RG","PSB","T",FALSE,FALSE,"20","","20"
"T21","RG-PSB-T21","RG","PSB","T",FALSE,FALSE,"21","","21"
"T22","RG-PSB-T22","RG","PSB","T",FALSE,FALSE,"22","","22"
"T23","RG-PSB-T23","RG","PSB","T",FALSE,FALSE,"23","","23"
"T30","RG-PSB-T30","RG","PSB","T",FALSE,FALSE,"30","","30"
"T31","RG-PSB-T31","RG","PSB","T",FALSE,FALSE,"31","","31"
"T40","RG-PSB-T40","RG","PSB","T",FALSE,FALSE,"40","","40"
"T50","RG-PSB-T50","RG","PSB","T",FALSE,FALSE,"50","","50"
"T70","RG-PSB-T70","RG","PSB","T",FALSE,FALSE,"70","","70"
"T90","RG-PSB-T90","RG","PSB","T",FALSE,FALSE,"90","","90"
"T99","RG-PSB-T99","RG","PSB","T",FALSE,FALSE,"99","","99"
"U01","AA-PSB-U00","AA","PSB","U",FALSE,FALSE,"01","","00"
"U02","MT-PSB-U00","MT","PSB","U",FALSE,FALSE,"02","","00"
"U0240","MT-PSB-U40","MT","PSB","U",FALSE,FALSE,"02","40","40"
"U03","PA-PSB-U00","PA","PSB","U",FALSE,FALSE,"03","","00"
"U0320","PA-PSB-U20","PA","PSB","U",FALSE,FALSE,"03","20","20"
"U0330","PA-PSB-U30","PA","PSB","U",FALSE,FALSE,"03","30","30"
"U0333","PA-PSB-U33","PA","PSB","U",FALSE,FALSE,"03","33","33"
"U0340","PA-PSB-U40","PA","PSB","U",FALSE,FALSE,"03","40","40"
"U0342","PA-PSB-U42","PA","PSB","U",FALSE,FALSE,"03","42","42"
"U0350","PA-PSB-U50","PA","PSB","U",FALSE,FALSE,"03","50","50"
"U05","RP-PSB-U00","RP","PSB","U",FALSE,FALSE,"05","","00"
"U0540","RP-PSB-U40","RP","PSB","U",FALSE,FALSE,"05","40","40"
"U0550","RP-PSB-U50","RP","PSB","U",FALSE,FALSE,"05","50","50"
"U11","MS-PSB-U00","MS","PSB","U",FALSE,FALSE,"11","","00"
"U12","MM-PSB-U00","MM","PSB","U",FALSE,FALSE,"12","","00"
"U19","NS-PSB-U00","NS","PSB","U",FALSE,FALSE,"19","","00"
"U1921","NS-PSB-U21","NS","PSB","U",FALSE,FALSE,"19","21","21"
"U20","RG-PSB-U20","RG","PSB","U",FALSE,FALSE,"20","","20"
"U21","RG-PSB-U21","RG","PSB","U",FALSE,FALSE,"21","","21"
"U30","RG-PSB-U30","RG","PSB","U",FALSE,FALSE,"30","","30"
"U31","RG-PSB-U31","RG","PSB","U",FALSE,FALSE,"31","","31"
"U33","RG-PSB-U33","RG","PSB","U",FALSE,FALSE,"33","","33"
"U34","RG-PSB-U34","RG","PSB","U",FALSE,FALSE,"34","","34"
"U36","RG-PSB-U36","RG","PSB","U",FALSE,FALSE,"36","","36"
"U40","RG-PSB-U40","RG","PSB","U",FALSE,FALSE,"40","","40"
"U41","RG-PSB-U41","RG","PSB","U",FALSE,FALSE,"41","","41"
"U42","RG-PSB-U42","RG","PSB","U",FALSE,FALSE,"42","","42"
"U50","RG-PSB-U50","RG","PSB","U",FALSE,FALSE,"50","","50"
"U99","RG-PSB-U99","RG","PSB","U",FALSE,FALSE,"99","","99"
"V01","AA-PSB-V00","AA","PSB","V",FALSE,FALSE,"01","","00"
"V0130","AA-PSB-V30","AA","PSB","V",FALSE,FALSE,"01","30","30"
"V02","MT-PSB-V00","MT","PSB","V",FALSE,FALSE,"02","","00"
"V03","PA-PSB-V00","PA","PSB","V",FALSE,FALSE,"03","","00"
"V0325","PA-PSB-V25","PA","PSB","V",FALSE,FALSE,"03","25","25"
"V05","RP-PSB-V00","RP","PSB","V",FALSE,FALSE,"05","","00"
"V11","MS-PSB-V00","MS","PSB","V",FALSE,FALSE,"11","","00"
"V1120","MS-PSB-V20","MS","PSB","V",FALSE,FALSE,"11","20","20"
"V12","MM-PSB-V00","MM","PSB","V",FALSE,FALSE,"12","","00"
"V19","NS-PSB-V00","NS","PSB","V",FALSE,FALSE,"19","","00"
"V20","RG-PSB-V20","RG","PSB","V",FALSE,FALSE,"20","","20"
"V21","RG-PSB-V21","RG","PSB","V",FALSE,FALSE,"21","","21"
"V22","RG-PSB-V22","RG","PSB","V",FALSE,FALSE,"22","","22"
"V23","RG-PSB-V23","RG","PSB","V",FALSE,FALSE,"23","","23"
"V24","RG-PSB-V24","RG","PSB","V",FALSE,FALSE,"24","","24"
"V25","RG-PSB-V25","RG","PSB","V",FALSE,FALSE,"25","","25"
"V26","RG-PSB-V26","RG","PSB","V",FALSE,FALSE,"26","","26"
"V30","RG-PSB-V30","RG","PSB","V",FALSE,FALSE,"30","","30"
"V31","RG-PSB-V31","RG","PSB","V",FALSE,FALSE,"31","","31"
"V32","RG-PSB-V32","RG","PSB","V",FALSE,FALSE,"32","","32"
"V33","RG-PSB-V33","RG","PSB","V",FALSE,FALSE,"33","","33"
"V34","RG-PSB-V34","RG","PSB","V",FALSE,FALSE,"34","","34"
"V35","RG-PSB-V35","RG","PSB","V",FALSE,FALSE,"35","","35"
"V36","RG-PSB-V36","RG","PSB","V",FALSE,FALSE,"36","","36"
"V37","RG-PSB-V37","RG","PSB","V",FALSE,FALSE,"37","","37"
"V99","RG-PSB-V99","RG","PSB","V",FALSE,FALSE,"99","","99"
"W01","AA-PSB-W00","AA","PSB","W",FALSE,FALSE,"01","","00"
"W0120","AA-PSB-W20","AA","PSB","W",FALSE,FALSE,"01","20","20"
"W0161","AA-PSB-W61","AA","PSB","W",FALSE,FALSE,"01","61","61"
"W02","MT-PSB-W00","MT","PSB","W",FALSE,FALSE,"02","","00"
"W0220","MT-PSB-W20","MT","PSB","W",FALSE,FALSE,"02","20","20"
"W03","PA-PSB-W00","PA","PSB","W",FALSE,FALSE,"03","","00"
"W0320","PA-PSB-W20","PA","PSB","W",FALSE,FALSE,"03","20","20"
"W0340","PA-PSB-W40","PA","PSB","W",FALSE,FALSE,"03","40","40"
"W0380","PA-PSB-W80","PA","PSB","W",FALSE,FALSE,"03","80","80"
"W0390","PA-PSB-W90","PA","PSB","W",FALSE,FALSE,"03","90","90"
"W05","RP-PSB-W00","RP","PSB","W",FALSE,FALSE,"05","","00"
"W0520","RP-PSB-W20","RP","PSB","W",FALSE,FALSE,"05","20","20"
"W11","MS-PSB-W00","MS","PSB","W",FALSE,FALSE,"11","","00"
"W1130","MS-PSB-W30","MS","PSB","W",FALSE,FALSE,"11","30","30"
"W1170","MS-PSB-W70","MS","PSB","W",FALSE,FALSE,"11","70","70"
"W12","MM-PSB-W00","MM","PSB","W",FALSE,FALSE,"12","","00"
"W1220","MM-PSB-W20","MM","PSB","W",FALSE,FALSE,"12","20","20"
"W1230","MM-PSB-W30","MM","PSB","W",FALSE,FALSE,"12","30","30"
"W1280","MM-PSB-W80","MM","PSB","W",FALSE,FALSE,"12","80","80"
"W19","NS-PSB-W00","NS","PSB","W",FALSE,FALSE,"19","","00"
"W1920","NS-PSB-W20","NS","PSB","W",FALSE,FALSE,"19","20","20"
"W1922","NS-PSB-W22","NS","PSB","W",FALSE,FALSE,"19","22","22"
"W1930","NS-PSB-W30","NS","PSB","W",FALSE,FALSE,"19","30","30"
"W1960","NS-PSB-W60","NS","PSB","W",FALSE,FALSE,"19","60","60"
"W20","RG-PSB-W20","RG","PSB","W",FALSE,FALSE,"20","","20"
"W22","RG-PSB-W22","RG","PSB","W",FALSE,FALSE,"22","","22"
"W24","RG-PSB-W24","RG","PSB","W",FALSE,FALSE,"24","","24"
"W30","RG-PSB-W30","RG","PSB","W",FALSE,FALSE,"30","","30"
"W40","RG-PSB-W40","RG","PSB","W",FALSE,FALSE,"40","","40"
"W50","RG-PSB-W50","RG","PSB","W",FALSE,FALSE,"50","","50"
"W60","RG-PSB-W60","RG","PSB","W",FALSE,FALSE,"60","","60"
"W61","RG-PSB-W61","RG","PSB","W",FALSE,FALSE,"61","","61"
"W70","RG-PSB-W70","RG","PSB","W",FALSE,FALSE,"70","","70"
"W80","RG-PSB-W80","RG","PSB","W",FALSE,FALSE,"80","","80"
"W90","RG-PSB-W90","RG","PSB","W",FALSE,FALSE,"90","","90"
"W99","RG-PSB-W99","RG","PSB","W",FALSE,FALSE,"99","","99"
"X01","AA-REL-X00","AA","REL","X",FALSE,FALSE,"01","","00"
"X0120","AA-REL-X20","AA","REL","X",FALSE,FALSE,"01","20","20"
"X02","MT-REL-X00","MT","REL","X",FALSE,FALSE,"02","","00"
"X0220","MT-REL-X20","MT","REL","X",FALSE,FALSE,"02","20","20"
"X03","PA-REL-X00","PA","REL","X",FALSE,FALSE,"03","","00"
"X0320","PA-REL-X20","PA","REL","X",FALSE,FALSE,"03","20","20"
"X05","RP-REL-X00","RP","REL","X",FALSE,FALSE,"05","","00"
"X0520","RP-REL-X20","RP","REL","X",FALSE,FALSE,"05","20","20"
"X11","MS-REL-X00","MS","REL","X",FALSE,FALSE,"11","","00"
"X1120","MS-REL-X20","MS","REL","X",FALSE,FALSE,"11","20","20"
"X1121","MS-REL-X21","MS","REL","X",FALSE,FALSE,"11","21","21"
"X12","MM-REL-X00","MM","REL","X",FALSE,FALSE,"12","","00"
"X1220","MM-REL-X20","MM","REL","X",FALSE,FALSE,"12","20","20"
"X19","NS-REL-X00","NS","REL","X",FALSE,FALSE,"19","","00"
"X1920","NS-REL-X20","NS","REL","X",FALSE,FALSE,"19","20","20"
"X1921","NS-REL-X21","NS","REL","X",FALSE,FALSE,"19","21","21"
"X20","RG-REL-X20","RG","REL","X",FALSE,FALSE,"20","","20"
"X21","RG-REL-X21","RG","REL","X",FALSE,FALSE,"21","","21"
"X22","RG-REL-X22","RG","REL","X",FALSE,FALSE,"22","","22"
"X30","RG-REL-X30","RG","REL","X",FALSE,FALSE,"30","","30"
"X40","RG-REL-X40","RG","REL","X",FALSE,FALSE,"40","","40"
"X50","RG-REL-X50","RG","REL","X",FALSE,FALSE,"50","","50"
"X70","RG-REL-X70","RG","REL","X",FALSE,FALSE,"70","","70"
"X80","RG-REL-X80","RG","REL","X",FALSE,FALSE,"80","","80"
"X81","RG-REL-X81","RG","REL","X",FALSE,FALSE,"81","","81"
"X82","RG-REL-X82","RG","REL","X",FALSE,FALSE,"82","","82"
"X83","RG-REL-X83","RG","REL","X",FALSE,FALSE,"83","","83"
"X84","RG-REL-X84","RG","REL","X",FALSE,FALSE,"84","","84"
"X90","RG-REL-X90","RG","REL","X",FALSE,FALSE,"90","","90"
"X99","RG-REL-X99","RG","REL","X",FALSE,FALSE,"99","","99"
"Y01","AA-MMB-Y00","AA","MMB","Y",FALSE,FALSE,"01","","00"
"Y02","MT-MMB-Y00","MT","MMB","Y",FALSE,FALSE,"02","","00"
"Y03","PA-MMB-Y00","PA","MMB","Y",FALSE,FALSE,"03","","00"
"Y0320","PA-MMB-Y20","PA","MMB","Y",FALSE,FALSE,"03","20","20"
"Y0325","PA-MMB-Y25","PA","MMB","Y",FALSE,FALSE,"03","25","25"
"Y05","RP-MMB-Y00","RP","MMB","Y",FALSE,FALSE,"05","","00"
"Y0520","RP-MMB-Y20","RP","MMB","Y",FALSE,FALSE,"05","20","20"
"Y11","MS-MMB-Y00","MS","MMB","Y",FALSE,FALSE,"11","","00"
"Y1150","MS-MMB-Y50","MS","MMB","Y",FALSE,FALSE,"11","50","50"
"Y12","MM-MMB-Y00","MM","MMB","Y",FALSE,FALSE,"12","","00"
"Y19","NS-MMB-Y00","NS","MMB","Y",FALSE,FALSE,"19","","00"
"Y20","RG-MMB-Y20","RG","MMB","Y",FALSE,FALSE,"20","","20"
"Y22","RG-MMB-Y22","RG","MMB","Y",FALSE,FALSE,"22","","22"
"Y23","RG-MMB-Y23","RG","MMB","Y",FALSE,FALSE,"23","","23"
"Y24","RG-MMB-Y24","RG","MMB","Y",FALSE,FALSE,"24","","24"
"Y25","RG-MMB-Y25","RG","MMB","Y",FALSE,FALSE,"25","","25"
"Y30","RG-MMB-Y30","RG","MMB","Y",FALSE,FALSE,"30","","30"
"Y33","RG-MMB-Y33","RG","MMB","Y",FALSE,FALSE,"33","","33"
"Y34","RG-MMB-Y34","RG","MMB","Y",FALSE,FALSE,"34","","34"
"Y35","RG-MMB-Y35","RG","MMB","Y",FALSE,FALSE,"35","","35"
"Y40","RG-MMB-Y40","RG","MMB","Y",FALSE,FALSE,"40","","40"
"Y41","RG-MMB-Y41","RG","MMB","Y",FALSE,FALSE,"41","","41"
"Y42","RG-MMB-Y42","RG","MMB","Y",FALSE,FALSE,"42","","42"
"Y43","RG-MMB-Y43","RG","MMB","Y",FALSE,FALSE,"43","","43"
"Y44","RG-MMB-Y44","RG","MMB","Y",FALSE,FALSE,"44","","44"
"Y50","RG-MMB-Y50","RG","MMB","Y",FALSE,FALSE,"50","","50"
"Y99","RG-MMB-Y99","RG","MMB","Y",FALSE,FALSE,"99","","99"
"Z99","RG-UNU-Z99","RG","UNU","Z",FALSE,FALSE,"99","","99"
